,0,1,2,3,4,5,6,7,8,9,10,11,12,13,14,15,16,17,18,19,20,21,22,23,24,25,26,27,28,29,30,31,32,33,34,35,36,37,38,39,40,41,42,43,44,45,46,47,48,49,50,51,52,53
0,-6.350475700855895e-16,0.00015454160710600017,0.0,0.0,4.3131416255650646e-05,0.0,0.00011310798247991416,0.0,0.0,6.439293542825907e-17,0.0,6.439293542825907e-17,0.00015403309232256524,6.439293542825907e-17,2.6201263381153693e-16,0.0,0.0001717817269777111,6.439293542825907e-17,0.0,6.439293542825907e-17,6.439293542825907e-17,0.00015637749110071651,0.0001559344421021791,1.0436096431476471e-16,6.439293542825907e-17,0.00017596968731830253,0.00017415443313834045,0.00011864367404865073,0.0001575861295770964,1.554312234475219e-16,0.0,1.554312234475219e-16,0.00017157723301506112,0.0001556832252503937,0.0,1.554312234475219e-16,0.00011520557450788837,1.554312234475219e-16,-4.2188474935755947e-16,0.00016255578309686268,0.00016811326923830362,-4.2188474935755947e-16,3.506452194246501e-05,7.105427357601002e-16,0.0001570968880210688,7.105427357601002e-16,0.00015775168010594641,-4.2188474935755947e-16,8.070539552651468e-06,7.105427357601002e-16,-4.2188474935755947e-16,2.7977620220553945e-16,-4.2188474935755947e-16,0.00016011343304731752
1,-7.30526750203353e-16,0.0003770677059312111,0.0,0.0,4.13998650546854e-05,0.0,0.00010859356301711864,0.0,0.0,-3.552713678800501e-17,0.0,-3.552713678800501e-17,0.00037584044017382025,-3.552713678800501e-17,2.3092638912203257e-16,0.0,0.00024080730669135742,-3.552713678800501e-17,0.0,-3.552713678800501e-17,-3.552713678800501e-17,0.0004970209021627125,0.0005158055654433724,2.9309887850104134e-16,-3.552713678800501e-17,0.00016898282099194305,0.0001672386027069006,0.00011391048955574634,0.0003844154743132666,1.1990408665951691e-16,0.0,1.1990408665951691e-16,0.00024328579753790658,0.00037982292734570986,0.0,1.1990408665951691e-16,0.0001106082365976424,1.1990408665951691e-16,-4.3520742565306136e-16,0.0001560943443796714,0.00028575707361035987,-4.3520742565306136e-16,3.365587420542715e-05,9.481304630298836e-16,0.0004672296221234307,9.481304630298836e-16,0.00044663998653783567,-4.3520742565306136e-16,7.745588206136133e-06,9.481304630298836e-16,-4.3520742565306136e-16,4.418687638008123e-16,-4.3520742565306136e-16,0.00039051499217419795
2,0.00019084035872051874,-2.505107232764203e-14,0.0,0.0002782053005010243,0.0,0.00010520542803656774,0.0,0.0,0.0,0.00014577057692875207,0.0,0.0,-2.505107232764203e-14,0.0,2.220446049250313e-18,0.0,0.0,0.0,0.0,2.220446049250313e-18,0.0,-2.5088819910479286e-14,-2.505107232764203e-14,0.0,0.0,2.220446049250313e-18,-6.661338147750939e-18,0.0,-2.505107232764203e-14,0.0,0.0,0.0,0.0,-2.505107232764203e-14,0.0001967910490642333,0.0,0.0,0.0,0.0,-6.661338147750939e-18,0.0,0.00024612189931482175,-1.6431300764452317e-16,-1.6431300764452317e-16,-2.5095481248627038e-14,-1.6431300764452317e-16,-2.5095481248627038e-14,-1.6431300764452317e-16,-1.6431300764452317e-16,-1.6431300764452317e-16,0.00016629774077094872,-1.6431300764452317e-16,-1.6431300764452317e-16,-2.5095481248627038e-14
3,-6.283862319378386e-16,0.00015103281852286266,0.0,0.0,4.3158902769908636e-05,0.0,0.00011317964160838745,0.0,0.0,6.88338275267597e-17,0.0,6.88338275267597e-17,0.00015053574242017697,6.88338275267597e-17,2.6423307986078724e-16,0.0,0.00016788513701936124,6.88338275267597e-17,0.0,6.88338275267597e-17,6.88338275267597e-17,0.00015282740570127018,0.00015239432277102115,1.0880185641326534e-16,6.88338275267597e-17,0.00017409226554369273,0.00017426420759120154,0.00011871880551931779,0.00015400885670760145,1.6209256159527285e-16,0.0,1.6209256159527285e-16,0.0001676852429315412,0.0001521487567887525,0.0,1.6209256159527285e-16,0.0001152785497594233,1.6209256159527285e-16,-4.1744385725905884e-16,0.0001626583455899233,0.00016429919749124,-4.1744385725905884e-16,3.5086882799344466e-05,7.061018436615996e-16,0.00015353062030972308,7.061018436615996e-16,0.0001541706833339429,-4.1744385725905884e-16,8.075697894565082e-06,7.061018436615996e-16,-4.1744385725905884e-16,2.7977620220553945e-16,-4.1744385725905884e-16,0.00015647931048656138
4,0.0001733319526028665,-1.779909553079051e-14,0.0,0.0001688562831485818,0.0,0.00010620445838550596,0.0,0.0,0.0,0.00014714947464411265,0.0,0.0,-1.779909553079051e-14,0.0,-6.661338147750939e-18,0.0,0.0,0.0,0.0,-6.661338147750939e-18,0.0,-1.786348846621877e-14,-1.779909553079051e-14,0.0,0.0,-6.661338147750939e-18,-4.440892098500626e-18,0.0,-1.779909553079051e-14,0.0,0.0,0.0,0.0,-1.779909553079051e-14,0.0001729092309706237,0.0,0.0,0.0,0.0,-4.440892098500626e-18,0.0,0.00016997422686031215,-1.687538997430238e-16,-1.687538997430238e-16,-1.7856827128071018e-14,-1.687538997430238e-16,-1.7856827128071018e-14,-1.687538997430238e-16,-1.687538997430238e-16,-1.687538997430238e-16,0.00016786774816618166,-1.687538997430238e-16,-1.687538997430238e-16,-1.7856827128071018e-14
5,-5.795364188543317e-16,0.00014034447064052325,0.0,0.0,4.325510506600683e-05,0.0,0.00011343042333749276,0.0,0.0,7.993605777301127e-17,0.0,7.993605777301127e-17,0.0001398822654201104,7.993605777301127e-17,2.597921877622866e-16,0.0,0.00015601456718664197,7.993605777301127e-17,0.0,7.993605777301127e-17,7.993605777301127e-17,0.0001420131641279454,0.00014161046284956404,1.1102230246251565e-16,7.993605777301127e-17,0.0001617862555200178,0.00016194613556894444,0.00011898173725934269,0.00014311173384016885,1.7541523789077474e-16,0.0,1.7541523789077474e-16,0.0001558286960123545,0.0001413821236091084,0.0,1.7541523789077474e-16,0.00011553393673265022,1.7541523789077474e-16,-3.730349362740526e-16,0.00016301725438925275,0.0001526801876192385,-3.730349362740526e-16,3.51651462568392e-05,6.7723604502134545e-16,0.0001426670467890956,6.7723604502134545e-16,0.00014326220809544044,-3.730349362740526e-16,8.093752870141913e-06,6.7723604502134545e-16,-3.730349362740526e-16,2.6201263381153693e-16,-3.730349362740526e-16,0.0001454088804710918
6,-3.508304757815495e-16,8.445327584166495e-05,0.0,0.0,4.379971693392548e-05,0.0,0.00010100405074803476,0.0,0.0,7.105427357601002e-17,0.0,7.105427357601002e-17,8.417410070469256e-05,7.105427357601002e-17,1.7763568394002506e-16,0.0,9.391812712202575e-05,7.105427357601002e-17,0.0,7.105427357601002e-17,7.105427357601002e-17,8.546117881777393e-05,8.521794454178443e-05,1.2878587085651815e-16,7.105427357601002e-17,9.740427323518874e-05,9.75008421199286e-05,0.00010065693011118704,8.612472197416565e-05,1.7319479184152443e-16,0.0,1.7319479184152443e-16,9.380585949224863e-05,8.508002538386572e-05,0.0,1.7319479184152443e-16,0.00010086411542386875,1.7319479184152443e-16,-1.7541523789077474e-16,9.814780691506986e-05,9.190413645674633e-05,-1.7541523789077474e-16,3.560820622245275e-05,4.662936703425658e-16,8.58561283093695e-05,4.662936703425658e-16,8.621560976192155e-05,-1.7541523789077474e-16,8.19596595245553e-06,4.662936703425658e-16,-1.7541523789077474e-16,1.554312234475219e-16,-1.7541523789077474e-16,8.751221467987679e-05
7,0.0001921213046500414,-1.9675372442407024e-14,0.0,0.00018716367572547466,0.0,0.00010591734643563555,0.0,0.0,0.0,0.00014675319669982034,0.0,0.0,-1.9675372442407024e-14,0.0,-8.881784197001253e-18,0.0,0.0,0.0,0.0,-8.881784197001253e-18,0.0,-1.972866314758903e-14,-1.9675372442407024e-14,0.0,0.0,-8.881784197001253e-18,-8.881784197001253e-18,0.0,-1.9675372442407024e-14,0.0,0.0,0.0,0.0,-1.9675372442407024e-14,0.00019165306253249526,0.0,0.0,0.0,0.0,-8.881784197001253e-18,0.0,0.00018840200447876044,-1.7319479184152443e-16,-1.7319479184152443e-16,-1.9739765377835285e-14,-1.7319479184152443e-16,-1.9739765377835285e-14,-1.7319479184152443e-16,-1.7319479184152443e-16,-1.7319479184152443e-16,0.00016741655016337952,-1.7319479184152443e-16,-1.7319479184152443e-16,-1.9739765377835285e-14
8,-1.7763568394002505e-17,-9.348255503027758e-13,-1.7763568394002505e-17,-1.7763568394002505e-17,-1.7763568394002505e-17,-1.7763568394002505e-17,-1.7763568394002505e-17,0.00012856063903475158,0.0002493117168113579,-1.7763568394002505e-17,6.648399210696488e-05,4.662936703425658e-16,-9.340728190920799e-13,4.662936703425658e-16,0.0002517168702238259,-1.7763568394002505e-17,4.662936703425658e-16,0.0002492021001830791,0.00014999124259919448,8.139885391877932e-06,0.0001505913323441832,-9.348255503027758e-13,-9.340728190920799e-13,-1.7763568394002505e-17,-1.7763568394002505e-17,-1.7763568394002505e-17,4.662936703425658e-16,5.573319583618285e-16,-9.351852625627543e-13,0.00010883642019055007,0.0,5.573319583618285e-16,5.573319583618285e-16,-9.353318120020048e-13,0.0,8.86416113248778e-05,-1.7763568394002505e-17,5.573319583618285e-16,0.0002322395267187205,4.662936703425658e-16,-1.7763568394002505e-17,-1.7763568394002505e-17,5.573319583618285e-16,5.573319583618285e-16,-9.353318120020048e-13,2.868294496778834e-05,-9.351852625627543e-13,0.0002494351588579935,5.573319583618285e-16,9.01501095995627e-16,-1.7763568394002505e-17,0.0001944934712070201,0.00017693696735527898,-9.353318120020048e-13
9,-1.5543122344752193e-17,-7.578560001775258e-13,-1.7763568394002505e-17,-1.7763568394002505e-17,-1.7763568394002505e-17,-1.7763568394002505e-17,-1.7763568394002505e-17,0.00012959445101063505,0.00018945902135245385,-1.7763568394002505e-17,6.702169643533873e-05,3.530509218307998e-16,-7.572698024205238e-13,3.530509218307998e-16,0.00019129190207420877,-1.7763568394002505e-17,3.530509218307998e-16,0.00018937548653527036,0.00015119500865109714,8.206076668524354e-06,0.00015179984775081756,-7.578560001775258e-13,-7.572698024205238e-13,-1.7763568394002505e-17,-1.7763568394002505e-17,-1.7763568394002505e-17,3.530509218307998e-16,4.3076653355456073e-16,-7.581402172718299e-13,0.00010971321575353743,0.0,4.3076653355456073e-16,4.3076653355456073e-16,-7.582756644808341e-13,0.0,8.935705036930086e-05,-1.5543122344752193e-17,4.3076653355456073e-16,0.00019283348541718093,3.530509218307998e-16,-1.5543122344752193e-17,-1.5543122344752193e-17,4.3076653355456073e-16,4.3076653355456073e-16,-7.582756644808341e-13,2.8915740799231315e-05,-7.581402172718299e-13,0.00018955309203478433,4.3076653355456073e-16,7.127631818093505e-16,-1.5543122344752193e-17,0.0001960480267626008,0.0001783534758381178,-7.582756644808341e-13
10,-6.727951529228448e-16,0.00022307755050360978,0.0,0.0,4.2635700763933305e-05,0.0,0.00011181556944373395,0.0,0.0,5.10702591327572e-17,0.0,5.10702591327572e-17,0.00022234633052258256,5.10702591327572e-17,3.086420008457935e-16,0.0,0.0002478679492081737,5.10702591327572e-17,0.0,5.10702591327572e-17,5.10702591327572e-17,0.00022571746157748596,0.00022508037838661954,1.4210854715202004e-16,5.10702591327572e-17,0.00017396943934798294,0.000172174522068822,0.0001172886311953314,0.00022745542619612591,9.547918011776346e-17,0.0,9.547918011776346e-17,0.0002475738983989273,0.00022471914253922255,0.0,9.547918011776346e-17,0.00011388942291567394,9.547918011776346e-17,-3.885780586188048e-16,0.00016070595992859983,0.00024259290991059058,-3.885780586188048e-16,3.4661248808811606e-05,8.593126210598712e-16,0.00022675191972890474,8.593126210598712e-16,0.00022769347893086822,-3.885780586188048e-16,7.977511413213012e-06,8.593126210598712e-16,-3.885780586188048e-16,3.4861002973229917e-16,-3.885780586188048e-16,0.00023108956279703773
11,-6.017408793468348e-16,0.00014564719409933868,0.0,0.0,4.320737965158639e-05,0.0,0.0001133060116453044,0.0,0.0,7.549516567451065e-17,0.0,7.549516567451065e-17,0.00014516768365976595,7.549516567451065e-17,2.597921877622866e-16,0.0,0.00016190398665249627,7.549516567451065e-17,0.0,7.549516567451065e-17,7.549516567451065e-17,0.00014737836429593588,0.0001469605856498668,1.0658141036401502e-16,7.549516567451065e-17,0.00016789176891999436,0.00016805763492228732,0.00011885129797685412,0.00014851806513832777,1.709743457922741e-16,0.0,1.709743457922741e-16,0.00016171115639016298,0.00014672369736702385,0.0,1.709743457922741e-16,0.00011540724039053262,1.709743457922741e-16,-3.9523939676655573e-16,0.00016283920104723348,0.0001584447665561761,-3.9523939676655573e-16,3.512632020945539e-05,6.927791673660977e-16,0.00014805672870348284,6.927791673660977e-16,0.00014867417318590315,-3.9523939676655573e-16,8.084795909821806e-06,6.927791673660977e-16,-3.9523939676655573e-16,2.708944180085382e-16,-3.9523939676655573e-16,0.0001509012181384617
12,-2.220446049250313e-18,-3.05178105008963e-14,-2.220446049250313e-18,-2.220446049250313e-18,-2.220446049250313e-18,-2.220446049250313e-18,-2.220446049250313e-18,7.84846158080832e-06,7.281978900122166e-06,-2.220446049250313e-18,8.21062098193659e-06,1.7763568394002505e-17,-3.04956060404038e-14,1.7763568394002505e-17,7.3532572516810115e-06,-2.220446049250313e-18,1.7763568394002505e-17,7.278730342916706e-06,7.700869373215013e-06,8.591267602819918e-06,7.73194186880488e-06,-3.05178105008963e-14,-3.04956060404038e-14,-2.220446049250313e-18,-2.220446049250313e-18,-2.220446049250313e-18,1.7763568394002505e-17,1.7763568394002505e-17,-3.0531133177191805e-14,7.956810528839675e-06,0.0,1.7763568394002505e-17,1.7763568394002505e-17,-3.054223540743806e-14,0.0,8.071876313595626e-06,-2.220446049250313e-18,1.7763568394002505e-17,7.413207464552762e-06,1.7763568394002505e-17,-2.220446049250313e-18,-2.220446049250313e-18,1.7763568394002505e-17,1.7763568394002505e-17,-3.054223540743806e-14,8.44957851384054e-06,-3.0531133177191805e-14,7.285637185585614e-06,1.7763568394002505e-17,3.1086244689504386e-17,-2.220446049250313e-18,7.538216992497571e-06,7.599684342340929e-06,-3.054223540743806e-14
13,-6.794564910705958e-16,0.0002686178460162769,0.0,0.0,4.233379608142407e-05,0.0,0.00011102844201649642,0.0,0.0,4.884981308350689e-17,0.0,4.884981308350689e-17,0.0002677393636413372,4.884981308350689e-17,3.1308289294429413e-16,0.0,0.0002461429808774618,4.884981308350689e-17,0.0,4.884981308350689e-17,4.884981308350689e-17,0.0002717894142097865,0.0002710240271849762,1.9095836023552692e-16,4.884981308350689e-17,0.0001727511983921204,0.00017096866764979346,0.00011646335893972015,0.00027387739238142304,1.1102230246251565e-16,0.0,1.1102230246251565e-16,0.00024867519684451,0.000270590042500789,0.0,1.1102230246251565e-16,0.00011308783747885797,1.1102230246251565e-16,-3.7969627442180353e-16,0.00015957933754982668,0.000292063424909228,-3.7969627442180353e-16,3.441564454093049e-05,8.926193117986258e-16,0.0002730322045019662,8.926193117986258e-16,0.00027416338646536254,-3.7969627442180353e-16,7.92085507846263e-06,8.926193117986258e-16,-3.7969627442180353e-16,3.9745984281580605e-16,-3.7969627442180353e-16,0.00027824341387012064
14,2.886579864025407e-16,-3.872457909892546e-15,7.714640673363471e-05,2.886579864025407e-16,0.0,0.0,0.0,0.0,0.0,0.0,0.0,0.00011905616248652384,-3.872457909892546e-15,0.00013930846520956663,0.0,0.00014737754077484677,0.0,0.0,0.0,0.0,0.0,-3.872457909892546e-15,-3.872457909892546e-15,0.00011547674717082401,4.578772568022416e-05,0.0,0.0,0.0,-3.872457909892546e-15,0.0,0.0002133025839288738,0.00021347873822274988,2.886579864025407e-16,-3.872457909892546e-15,0.0,0.0,0.0,0.0,0.0,0.0,0.0,0.0,0.0,0.00021163825831932215,-3.872457909892546e-15,0.0,-3.872457909892546e-15,0.0,0.0,1.90003229130542e-05,0.0,0.0,0.0,-3.872457909892546e-15
15,-1.7763568394002505e-17,-5.961897642237091e-13,-1.9984014443252817e-17,-1.9984014443252817e-17,-1.9984014443252817e-17,-1.9984014443252817e-17,-1.9984014443252817e-17,0.00013069883294642315,0.00014425865401636483,-1.9984014443252817e-17,6.759612852950126e-05,2.597921877622866e-16,-5.95701266092874e-13,2.597921877622866e-16,0.00014565775551935055,-1.9984014443252817e-17,2.597921877622866e-16,0.00014419488901909583,0.00018185902633886862,8.276791832049213e-06,0.00015309084050846078,-5.961897642237091e-13,-5.95701266092874e-13,-1.9984014443252817e-17,-1.9984014443252817e-17,-1.9984014443252817e-17,2.597921877622866e-16,3.086420008457935e-16,-5.964073679365356e-13,0.0001106498749198348,0.0,3.086420008457935e-16,3.086420008457935e-16,-5.965317129152936e-13,0.0,9.012134630461244e-05,-1.7763568394002505e-17,3.086420008457935e-16,0.00014683450027637822,2.597921877622866e-16,-1.7763568394002505e-17,-1.7763568394002505e-17,3.086420008457935e-16,3.086420008457935e-16,-5.965317129152936e-13,2.9164443848010978e-05,-5.964073679365356e-13,0.00014433046141394402,3.086420008457935e-16,5.795364188543317e-16,-1.7763568394002505e-17,0.0001492882746083479,0.00015049479855888892,-5.965317129152936e-13
16,0.0001661503077686066,-1.708189145688266e-14,0.0,0.00016185900393204556,0.0,0.00010631418386840563,0.0,0.0,0.0,0.0001473009205943354,0.0,0.0,-1.708189145688266e-14,0.0,-8.881784197001253e-18,0.0,0.0,0.0,0.0,-8.881784197001253e-18,0.0,-1.7150725284409417e-14,-1.708189145688266e-14,0.0,0.0,-8.881784197001253e-18,-6.661338147750939e-18,0.0,-1.708189145688266e-14,0.0,0.0,0.0,0.0,-1.708189145688266e-14,0.00016574499924349118,0.0,0.0,0.0,0.0,-6.661338147750939e-18,0.0,0.00016293089633637292,-1.687538997430238e-16,-1.687538997430238e-16,-1.7137402608113918e-14,-1.687538997430238e-16,-1.7137402608113918e-14,-1.687538997430238e-16,-1.687538997430238e-16,-1.687538997430238e-16,0.00016804018327684522,-1.687538997430238e-16,-1.687538997430238e-16,-1.7137402608113918e-14
17,-4.951594689828198e-16,0.00012098429453986981,0.0,0.0,4.3433538965760296e-05,0.0,0.00011389556599212591,0.0,0.0,8.659739592076221e-17,0.0,8.659739592076221e-17,0.00012058535649265733,8.659739592076221e-17,2.4202861936828414e-16,0.0,0.00013450945343361997,8.659739592076221e-17,0.0,8.659739592076221e-17,8.659739592076221e-17,0.00012242457567462894,0.00012207699663317585,1.2434497875801754e-16,8.659739592076221e-17,0.0001394911100968077,0.00013962910570839205,0.00011946941525445843,0.00012337277168759765,1.8429702208777598e-16,0.0,1.8429702208777598e-16,0.00013434902442840846,0.00012187991240050433,0.0,1.8429702208777598e-16,0.00011600762100625329,1.8429702208777598e-16,-2.9753977059954197e-16,0.00014055360944945417,0.0001316314861702894,-2.9753977059954197e-16,3.531030765800969e-05,6.17284001691587e-16,0.00012298895407703903,6.17284001691587e-16,0.00012350264900128137,-2.9753977059954197e-16,8.127240905546617e-06,6.17284001691587e-16,-2.9753977059954197e-16,2.3092638912203257e-16,-2.9753977059954197e-16,0.00012535548247778473
18,-1.1102230246251566e-17,-4.2535308608648845e-13,-1.1102230246251566e-17,-1.1102230246251566e-17,-1.1102230246251566e-17,-1.1102230246251566e-17,-1.1102230246251566e-17,0.00011028645368054812,0.00010237545410392457,-1.1102230246251566e-17,6.830122010045514e-05,1.9095836023552692e-16,-4.250222396251502e-13,1.9095836023552692e-16,0.00010337086510896487,-1.1102230246251566e-17,1.9095836023552692e-16,0.00010233008758209872,0.00010822531100341149,8.363594466169744e-06,0.00010865924199299437,-4.2535308608648845e-13,-4.250222396251502e-13,-1.1102230246251566e-17,-1.1102230246251566e-17,-1.1102230246251566e-17,1.9095836023552692e-16,2.2648549702353194e-16,-4.255040764178375e-13,0.00011179955951776455,0.0,2.2648549702353194e-16,2.2648549702353194e-16,-4.2559955559795526e-13,0.0,9.10594768761519e-05,-1.1102230246251566e-17,2.2648549702353194e-16,0.00010420807723395376,1.9095836023552692e-16,-1.1102230246251566e-17,-1.1102230246251566e-17,2.2648549702353194e-16,2.2648549702353194e-16,-4.2559955559795526e-13,2.946972267112269e-05,-4.255040764178375e-13,0.00010242654251425121,2.2648549702353194e-16,4.1966430330830915e-16,-1.1102230246251566e-17,0.00010595385069100293,0.00010681224977610482,-4.2559955559795526e-13
19,1.6431300764452317e-16,-2.8110846983508964e-15,7.763495300688872e-05,1.6431300764452317e-16,0.0,0.0,0.0,0.0,0.0,0.0,0.0,0.00011980709005479984,-2.8110846983508964e-15,0.0001382948821839558,0.0,0.00013793938650598082,0.0,0.0,0.0,0.0,0.0,-2.8110846983508964e-15,-2.8110846983508964e-15,0.00011620534751888956,4.607856188876047e-05,0.0,0.0,0.0,-2.8110846983508964e-15,0.0,0.00013515492799063723,0.00013526681259090845,1.6431300764452317e-16,-2.8110846983508964e-15,0.0,0.0,0.0,0.0,0.0,0.0,0.0,0.0,0.0,0.00013533997133718278,-2.8110846983508964e-15,0.0,-2.8110846983508964e-15,0.0,0.0,1.9121321984829633e-05,0.0,0.0,0.0,-2.8110846983508964e-15
20,-6.861178292183467e-16,0.0002908791504325481,0.0,0.0,4.2195617111142615e-05,0.0,0.00011066817674277862,0.0,0.0,3.9968028886505634e-17,0.0,3.9968028886505634e-17,0.00028992887413540334,3.9968028886505634e-17,3.019806626980426e-16,0.0,0.00024535345096179164,3.9968028886505634e-17,0.0,3.9968028886505634e-17,3.9968028886505634e-17,0.0002943099138561833,0.0002934819757050722,2.0650148258027913e-16,3.9968028886505634e-17,0.00017219360809678008,0.00017041674685639886,0.00011608563456240395,0.0002965685318274769,1.1102230246251565e-16,0.0,1.1102230246251565e-16,0.0002478777159606671,0.0002930125243866999,0.0,1.1102230246251565e-16,0.00011272095469632149,1.1102230246251565e-16,-3.7969627442180353e-16,0.0001590636823562308,0.00029113023757615153,-3.7969627442180353e-16,3.430323390578138e-05,9.01501095995627e-16,0.0002956542709246479,9.01501095995627e-16,0.00029687789836365,-3.7969627442180353e-16,7.894924158964312e-06,9.01501095995627e-16,-3.7969627442180353e-16,4.1522341120980857e-16,-3.7969627442180353e-16,0.0003012913637280623
21,0.0001914029026582953,-2.2650770148402445e-14,0.0,0.00022328730187373802,0.0,0.00010551807626593801,0.0,0.0,0.0,0.00014620210713838454,0.0,0.0,-2.2650770148402445e-14,0.0,-4.440892098500626e-18,0.0,0.0,0.0,0.0,-4.440892098500626e-18,0.0,-2.269517906938745e-14,-2.2650770148402445e-14,0.0,0.0,-4.440892098500626e-18,-6.661338147750939e-18,0.0,-2.2650770148402445e-14,0.0,0.0,0.0,0.0,-2.2650770148402445e-14,0.0001973708076936487,0.0,0.0,0.0,0.0,-6.661338147750939e-18,0.0,0.0002247627806358121,-1.709743457922741e-16,-1.709743457922741e-16,-2.27018404075352e-14,-1.709743457922741e-16,-2.27018404075352e-14,-1.709743457922741e-16,-1.709743457922741e-16,-1.709743457922741e-16,0.00016678908038964658,-1.709743457922741e-16,-1.709743457922741e-16,-2.27018404075352e-14
22,-1.7763568394002505e-17,-5.947420333995979e-13,-1.7763568394002505e-17,-1.7763568394002505e-17,-1.7763568394002505e-17,-1.7763568394002505e-17,-1.7763568394002505e-17,0.00013073144723418695,0.00014429460586943944,-1.7763568394002505e-17,6.761309759928613e-05,2.55351295663786e-16,-5.942624170529598e-13,2.55351295663786e-16,0.00014569405125815173,-1.7763568394002505e-17,2.55351295663786e-16,0.00014423082519715358,0.00015251889992634826,8.278881400689553e-06,0.00015312896170309952,-5.947420333995979e-13,-5.942624170529598e-13,-1.7763568394002505e-17,-1.7763568394002505e-17,-1.7763568394002505e-17,2.55351295663786e-16,3.241851231905457e-16,-5.949440939900796e-13,0.00011067753869910657,0.0,3.241851231905457e-16,3.241851231905457e-16,-5.950662185227884e-13,0.0,9.014392162853824e-05,-1.7763568394002505e-17,3.241851231905457e-16,0.00014687108517730696,2.55351295663786e-16,-1.7763568394002505e-17,-1.7763568394002505e-17,3.241851231905457e-16,3.241851231905457e-16,-5.950662185227884e-13,2.9171792049682564e-05,-5.949440939900796e-13,0.00014436643091878754,3.241851231905457e-16,5.773159728050814e-16,-1.7763568394002505e-17,0.00014932546226955167,0.00015053228249553907,-5.950662185227884e-13
23,0.00019099562976549134,-2.4360513606325183e-14,0.0,0.00024470522218095203,0.0,0.00010529172294373667,0.0,0.0,0.0,0.00014588968541353608,0.0,0.0,-2.4360513606325183e-14,0.0,0.0,0.0,0.0,0.0,0.0,0.0,0.0,-2.439826118916244e-14,-2.4360513606325183e-14,0.0,0.0,0.0,-4.440892098500626e-18,0.0,-2.4360513606325183e-14,0.0,0.0,0.0,0.0,-2.4360513606325183e-14,0.00019695107175935256,0.0,0.0,0.0,0.0,-4.440892098500626e-18,0.0,0.0002463211082945538,-1.687538997430238e-16,-1.687538997430238e-16,-2.4413804311507193e-14,-1.687538997430238e-16,-2.4413804311507193e-14,-1.687538997430238e-16,-1.687538997430238e-16,-1.687538997430238e-16,0.0001664333578657251,-1.687538997430238e-16,-1.687538997430238e-16,-2.4413804311507193e-14
24,-7.30526750203353e-16,0.00037721156350124075,0.0,0.0,4.1416144866930346e-05,0.0,0.00010863600468590694,0.0,0.0,-3.3306690738754695e-17,0.0,-3.3306690738754695e-17,0.0003759838451456088,-3.3306690738754695e-17,2.331468351712829e-16,0.0,0.0002409003032511281,-3.3306690738754695e-17,0.0,-3.3306690738754695e-17,-3.3306690738754695e-17,0.0004972085258990133,0.0004958210934693219,2.9531932455029166e-16,-3.3306690738754695e-17,0.00016904850387180258,0.00016730361787415271,0.00011395498772379665,0.0003845620395747762,1.2656542480726783e-16,0.0,1.2656542480726783e-16,0.0002433797303343166,0.00037996780064323497,0.0,1.2656542480726783e-16,0.00011065145774281415,1.2656542480726783e-16,-4.3298697960381104e-16,0.00015615508838035197,0.00028586698514432963,-4.3298697960381104e-16,3.36691182060278e-05,9.50350909079134e-16,0.00046740646251306915,9.50350909079134e-16,0.0004468093411095619,-4.3298697960381104e-16,7.748643439053904e-06,9.50350909079134e-16,-4.3298697960381104e-16,4.529709940470639e-16,-4.3298697960381104e-16,0.00039066380246025376
25,-1.7763568394002505e-17,-8.769118764462292e-13,-1.7763568394002505e-17,-1.7763568394002505e-17,-1.7763568394002505e-17,-1.7763568394002505e-17,-1.7763568394002505e-17,0.00012889534305107642,0.00022877150119593237,-1.7763568394002505e-17,6.665807809685953e-05,4.263256414560601e-16,-8.762168768328138e-13,4.263256414560601e-16,0.0002309805021669642,-1.7763568394002505e-17,4.263256414560601e-16,0.00022867082438415398,0.0001503809701792891,8.161315379937584e-06,0.00015098259755280896,-8.769118764462292e-13,-8.762168768328138e-13,-1.7763568394002505e-17,-1.7763568394002505e-17,-1.7763568394002505e-17,4.263256414560601e-16,5.17363929475323e-16,-8.772493842457152e-13,0.00010912028921171935,0.0,5.17363929475323e-16,5.17363929475323e-16,-8.773937132389164e-13,0.0,8.887324014502207e-05,-1.7763568394002505e-17,5.17363929475323e-16,0.00023283842812289236,4.263256414560601e-16,-1.7763568394002505e-17,-1.7763568394002505e-17,5.17363929475323e-16,5.17363929475323e-16,-8.773937132389164e-13,2.875831454142608e-05,-8.772493842457152e-13,0.00022888487589794114,5.17363929475323e-16,8.37108160567368e-16,-1.7763568394002505e-17,0.00019499676856142402,0.0001773955713519082,-8.773937132389164e-13
26,2.864375403532904e-16,-3.9168668308775524e-15,7.712900682948386e-05,2.864375403532904e-16,0.0,0.0,0.0,0.0,0.0,0.0,0.0,0.00011902941780203902,-3.9168668308775524e-15,0.00013927723160570783,0.0,0.00014734452349676852,0.0,0.0,0.0,0.0,0.0,-3.9168668308775524e-15,-3.9168668308775524e-15,0.00011545079767341537,4.5777367322010765e-05,0.0,0.0,0.0,-3.9168668308775524e-15,0.0,0.00021632001024135094,0.00021343121203259763,2.864375403532904e-16,-3.9168668308775524e-15,0.0,0.0,0.0,0.0,0.0,0.0,0.0,0.0,0.0,0.00021159113364328076,-3.9168668308775524e-15,0.0,-3.9168668308775524e-15,0.0,0.0,1.899601342571389e-05,0.0,0.0,0.0,-3.9168668308775524e-15
27,-6.372680161348399e-16,0.00015271000119285728,0.0,0.0,4.3144656772737824e-05,0.0,0.00011314250358981149,0.0,0.0,6.661338147750939e-17,0.0,6.661338147750939e-17,0.000152207456914768,6.661338147750939e-17,2.6201263381153693e-16,0.0,0.00016974770590310717,6.661338147750939e-17,0.0,6.661338147750939e-17,6.661338147750939e-17,0.00015452433001380105,0.00015408648287583925,1.021405182655144e-16,6.661338147750939e-17,0.00017602311630457112,0.00017420731886822027,0.00011867986810923714,0.00015571877780014675,1.5987211554602254e-16,0.0,1.5987211554602254e-16,0.00016954561286396385,0.00015383821553591304,0.0,1.5987211554602254e-16,0.00011524072971488941,1.5987211554602254e-16,-4.241051954068098e-16,0.00016260519382563566,0.00016612231891022678,-4.241051954068098e-16,3.507529330063042e-05,7.061018436615996e-16,0.0001552352804626267,7.061018436615996e-16,0.0001558823846126911,-4.241051954068098e-16,8.073024294168452e-06,7.061018436615996e-16,-4.241051954068098e-16,2.7755575615628914e-16,-4.241051954068098e-16,0.00015821640819799754
28,-6.705747068735946e-16,0.00019476313164461744,0.0,0.0,4.284056139840509e-05,0.0,0.00011234966781682231,0.0,0.0,4.4408920985006264e-17,0.0,4.4408920985006264e-17,0.00019412375449942676,4.4408920985006264e-17,2.7977620220553945e-16,0.0,0.000216439819013452,4.4408920985006264e-17,0.0,4.4408920985006264e-17,4.4408920985006264e-17,0.0001970714648402705,0.00019651440069653914,1.1324274851176597e-16,4.4408920985006264e-17,0.0001747960450235242,0.00017299272377791164,0.00011784861114564338,0.00019859113706290012,1.2434497875801754e-16,0.0,1.2434497875801754e-16,0.00021618270119508676,0.00019619853619208926,0.0,1.2434497875801754e-16,0.00011443333117989729,1.2434497875801754e-16,-4.019007349143067e-16,0.00016147040432159976,0.00021182732932836012,-4.019007349143067e-16,3.4827906753782665e-05,8.060219158778636e-16,0.00019797599278666977,8.060219158778636e-16,0.00019879929017918574,-4.019007349143067e-16,8.01595673103117e-06,8.060219158778636e-16,-4.019007349143067e-16,3.064215547965432e-16,-4.019007349143067e-16,0.00020176881935412227
29,-6.883382752675971e-16,0.0003103385662790936,0.0,0.0,4.2074800115114995e-05,0.0,0.00011035318165651509,0.0,0.0,3.9968028886505634e-17,0.0,3.9968028886505634e-17,0.0003093256289709556,3.9968028886505634e-17,3.042011087472929e-16,0.0,0.00024466314606295334,3.9968028886505634e-17,0.0,3.9968028886505634e-17,3.9968028886505634e-17,0.0003139955526735627,0.00031311302050511357,2.220446049250313e-16,3.9968028886505634e-17,0.00017170608810729515,0.0001699341837712387,0.00011575537452763074,0.00031640310346346066,1.1324274851176597e-16,0.0,1.1324274851176597e-16,0.00024718045960644644,0.0003126126143236729,0.0,1.1324274851176597e-16,0.00011240017374689825,1.1324274851176597e-16,-3.7969627442180353e-16,0.00015861282672476217,0.0002903143351799975,-3.7969627442180353e-16,3.420494736942059e-05,9.14823772291129e-16,0.0003154285562527659,9.14823772291129e-16,0.0003167328692236615,-3.7969627442180353e-16,7.872251294771537e-06,9.14823772291129e-16,-3.7969627442180353e-16,4.3298697960381104e-16,-3.7969627442180353e-16,0.00032143735611975146
30,-6.94999613415348e-16,0.0003174307249935371,0.0,0.0,4.203076041049192e-05,0.0,0.00011023836173915669,0.0,0.0,3.1086244689504386e-17,0.0,3.1086244689504386e-17,0.0003163949724855075,3.1086244689504386e-17,2.997602166487923e-16,0.0,0.00024441152393902323,3.1086244689504386e-17,0.0,3.1086244689504386e-17,3.1086244689504386e-17,0.00032117008034610484,0.0003202676702059981,2.220446049250313e-16,3.1086244689504386e-17,0.0001715283816110258,0.00016975828409223625,0.00011563499039587643,0.0003236318583788944,1.1546319456101628e-16,0.0,1.1546319456101628e-16,0.00024692630367687094,0.00031975599321097724,0.0,1.1546319456101628e-16,0.00011228324482841723,1.1546319456101628e-16,-3.8191672047105384e-16,0.00015844848459104722,0.0002900169329481006,-3.8191672047105384e-16,3.4169120345470816e-05,9.170442183403793e-16,0.0003226353605935306,9.170442183403793e-16,0.0003239690515990512,-3.8191672047105384e-16,7.863986649268018e-06,9.170442183403793e-16,-3.8191672047105384e-16,4.3298697960381104e-16,-3.8191672047105384e-16,0.00032877950100775657
31,0.00019080578146472016,-2.5208723997138805e-14,0.0,0.0002856669377834331,0.0,0.00010518621101991643,0.0,0.0,0.0,0.00014574405267700152,0.0,0.0,-2.5208723997138805e-14,0.0,0.0,0.0,0.0,0.0,0.0,0.0,0.0,-2.524425113392681e-14,-2.5208723997138805e-14,0.0,0.0,0.0,-8.881784197001253e-18,0.0,-2.5208723997138805e-14,0.0,0.0,0.0,0.0,-2.5208723997138805e-14,0.00019675541366932946,0.0,0.0,0.0,0.0,-8.881784197001253e-18,0.0,0.0002460775375841395,-1.687538997430238e-16,-1.687538997430238e-16,-2.525757381022231e-14,-1.687538997430238e-16,-2.525757381022231e-14,-1.687538997430238e-16,-1.687538997430238e-16,-1.687538997430238e-16,0.00016626754023169044,-1.687538997430238e-16,-1.687538997430238e-16,-2.525757381022231e-14
32,-1.7763568394002505e-17,-5.948797010546514e-13,-1.9984014443252817e-17,-1.9984014443252817e-17,-1.9984014443252817e-17,-1.9984014443252817e-17,-1.9984014443252817e-17,0.00013072844741792488,0.00014429129906849968,-1.9984014443252817e-17,6.761153680840959e-05,2.55351295663786e-16,-5.943956438159148e-13,2.55351295663786e-16,0.00014569071282707124,-1.9984014443252817e-17,2.55351295663786e-16,0.00014422751983798055,0.00015521715419776206,8.278689205174494e-06,0.0001531254553690853,-5.948797010546514e-13,-5.943956438159148e-13,-1.9984014443252817e-17,-1.9984014443252817e-17,-1.9984014443252817e-17,2.55351295663786e-16,3.219646771412954e-16,-5.950839820911824e-13,0.0001106749942237828,0.0,3.219646771412954e-16,3.219646771412954e-16,-5.952038861778419e-13,0.0,9.014184518226332e-05,-1.7763568394002505e-17,3.219646771412954e-16,0.00014686772014949057,2.55351295663786e-16,-1.7763568394002505e-17,-1.7763568394002505e-17,3.219646771412954e-16,3.219646771412954e-16,-5.952038861778419e-13,2.9171116172626022e-05,-5.950839820911824e-13,0.0001443631224942643,3.219646771412954e-16,5.750955267558311e-16,-1.7763568394002505e-17,0.00014932204180066798,0.00015052883477564282,-5.952038861778419e-13
33,-6.727951529228448e-16,0.00022555652753848633,0.0,0.0,4.2619127256835474e-05,0.0,0.00011177235858384372,0.0,0.0,4.884981308350689e-17,0.0,4.884981308350689e-17,0.00022481727748073775,4.884981308350689e-17,3.108624468950438e-16,0.0,0.00024777325241214453,4.884981308350689e-17,0.0,4.884981308350689e-17,4.884981308350689e-17,0.00022822542936928647,0.00022758134989587565,1.4654943925052067e-16,4.884981308350689e-17,0.00017390256124206305,0.00017210832396267196,0.00011724332627550239,0.0002299824798786454,9.992007221626409e-17,0.0,9.992007221626409e-17,0.00025032188531035613,0.00022721614711546323,0.0,9.992007221626409e-17,0.00011384541834589257,9.992007221626409e-17,-3.885780586188048e-16,0.0001606441115203916,0.000245286197940533,-3.885780586188048e-16,3.464776600872632e-05,8.637535131583718e-16,0.00022927124766757955,8.637535131583718e-16,0.0002302231468124205,-3.885780586188048e-16,7.974401191346292e-06,8.637535131583718e-16,-3.885780586188048e-16,3.530509218307998e-16,-3.885780586188048e-16,0.00023365652544680816
34,8.864003467282222e-05,-9.14823772291129e-15,0.0,8.634420966102452e-05,0.0,9.227903312485131e-05,0.0,0.0,0.0,9.052074919756237e-05,0.0,0.0,-9.14823772291129e-15,0.0,8.881784197001253e-18,0.0,0.0,0.0,0.0,8.881784197001253e-18,0.0,-9.239276010930553e-15,-9.14823772291129e-15,0.0,0.0,8.881784197001253e-18,-2.220446049250313e-18,0.0,-9.14823772291129e-15,0.0,0.0,0.0,0.0,-9.14823772291129e-15,8.842319673236564e-05,0.0,0.0,0.0,0.0,-2.220446049250313e-18,0.0,8.691766645384291e-05,-1.0658141036401502e-16,-1.0658141036401502e-16,-9.190426197847046e-15,-1.0658141036401502e-16,-9.190426197847046e-15,-1.0658141036401502e-16,-1.0658141036401502e-16,-1.0658141036401502e-16,8.965110822227062e-05,-1.0658141036401502e-16,-1.0658141036401502e-16,-9.190426197847046e-15
35,-3.730349362740526e-16,8.966747645609674e-05,0.0,0.0,4.374051127990164e-05,0.0,0.0001072336673399188,0.0,0.0,7.549516567451065e-17,0.0,7.549516567451065e-17,8.937117351871304e-05,7.549516567451065e-17,1.887379141862766e-16,0.0,9.971301098433471e-05,7.549516567451065e-17,0.0,7.549516567451065e-17,7.549516567451065e-17,9.07372156999453e-05,9.047905863278416e-05,1.354472090042691e-16,7.549516567451065e-17,0.00010341303772624766,0.00010351553126608737,0.0001068652502974099,9.14414682768916e-05,1.7985612998927537e-16,0.0,1.7985612998927537e-16,9.959385555684985e-05,9.033267800200529e-05,0.0,1.7985612998927537e-16,0.00010708514676067482,1.7985612998927537e-16,-1.9095836023552692e-16,0.00010420218838184336,9.757545879960361e-05,-1.9095836023552692e-16,3.556003987543965e-05,4.951594689828198e-16,9.115639594745151e-05,4.951594689828198e-16,9.153793213616535e-05,-1.9095836023552692e-16,8.184853628676603e-06,4.951594689828198e-16,-1.9095836023552692e-16,1.6653345369377348e-16,-1.9095836023552692e-16,9.291408574810367e-05
36,-3.9968028886505636e-16,9.576299992936299e-05,0.0,0.0,4.367128786043839e-05,0.0,0.00011451533159870131,0.0,0.0,8.43769498715119e-17,0.0,8.43769498715119e-17,9.54466894515016e-05,8.43769498715119e-17,2.0650148258027913e-16,0.0,0.00010648684959429167,8.43769498715119e-17,0.0,8.43769498715119e-17,8.43769498715119e-17,9.690497212208715e-05,9.662938325514902e-05,1.376676550535194e-16,8.43769498715119e-17,0.00011043671735221139,0.00011054613167718052,0.00011412203752094951,9.765677870911205e-05,1.9095836023552692e-16,0.0,1.9095836023552692e-16,0.00010635964830339572,9.647311851227247e-05,0.0,1.9095836023552692e-16,0.0001143567822993674,1.9095836023552692e-16,-2.042810365310288e-16,0.0001112791547023928,0.00010420496113118905,-2.042810365310288e-16,3.550372360136889e-05,5.195843755245732e-16,9.735245710800643e-05,5.195843755245732e-16,9.775975615523791e-05,-2.042810365310288e-16,8.17186102391565e-06,5.195843755245732e-16,-2.042810365310288e-16,1.8207657603852566e-16,-2.042810365310288e-16,9.922883319900322e-05
37,1.354472090042691e-16,-2.4846791291111002e-15,7.780255936303825e-05,1.354472090042691e-16,0.0,0.0,0.0,0.0,0.0,0.0,0.0,0.00012006470767248257,-2.4846791291111002e-15,0.0001191418255543164,0.0,0.00011883535543875778,0.0,0.0,0.0,0.0,0.0,-2.4846791291111002e-15,-2.4846791291111002e-15,0.00011645530578496154,4.6178340796176887e-05,0.0,0.0,0.0,-2.4846791291111002e-15,0.0,0.00011643489543475605,0.00011653135026173711,1.354472090042691e-16,-2.4846791291111002e-15,0.0,0.0,0.0,0.0,0.0,0.0,0.0,0.0,0.0,0.00011659441983767671,-2.4846791291111002e-15,0.0,-2.4846791291111002e-15,0.0,0.0,1.9162834307493436e-05,0.0,0.0,0.0,-2.4846791291111002e-15
38,2.2648549702353194e-16,-3.4194869158454822e-15,7.735319230865789e-05,2.2648549702353194e-16,0.0,0.0,0.0,0.0,0.0,0.0,0.0,0.00011937400495838579,-3.4194869158454822e-15,0.00013967965588677523,0.0,0.00014776992942127309,0.0,0.0,0.0,0.0,0.0,-3.4194869158454822e-15,-3.4194869158454822e-15,0.00011578513931816081,4.591082722526396e-05,0.0,0.0,0.0,-3.4194869158454822e-15,0.0,0.00017939893559423492,0.00017954723268597482,2.2648549702353194e-16,-3.4194869158454822e-15,0.0,0.0,0.0,0.0,0.0,0.0,0.0,0.0,0.0,0.00017964420071280295,-3.4194869158454822e-15,0.0,-3.4194869158454822e-15,0.0,0.0,1.9051537950378617e-05,0.0,0.0,0.0,-3.4194869158454822e-15
39,-7.860379014346108e-16,0.0005217137063820853,0.0,0.0,4.124860803948582e-05,0.0,0.00010819915251694345,0.0,0.0,-4.4408920985006264e-17,0.0,-4.4408920985006264e-17,0.0005200249792925993,-4.4408920985006264e-17,2.2648549702353194e-16,0.0,0.000239942745847046,-4.4408920985006264e-17,0.0,-4.4408920985006264e-17,-4.4408920985006264e-17,0.0003801453472568128,0.00037907974307253454,2.753353101070388e-16,-4.4408920985006264e-17,0.00016837231806829056,0.00016663430914855228,0.00011349696129144605,0.0004449087646050143,1.3100631690576846e-16,0.0,1.3100631690576846e-16,0.00024241252638160793,0.0004889970901822482,0.0,1.3100631690576846e-16,0.0001102065799505958,1.3100631690576846e-16,-4.3520742565306136e-16,0.00015552976881901158,0.00028473512417170443,-4.3520742565306136e-16,3.353282611674668e-05,9.303668946358813e-16,0.0003818756161853942,9.303668946358813e-16,0.00038345050248215216,-4.3520742565306136e-16,7.717204775665731e-06,9.303668946358813e-16,-4.3520742565306136e-16,4.68514116391816e-16,-4.3520742565306136e-16,0.0003891309428390177
40,1.3100631690576846e-16,-2.41140440948584e-15,7.784092484598437e-05,1.3100631690576846e-16,0.0,0.0,0.0,0.0,0.0,0.0,0.0,0.00011633331729936858,-2.41140440948584e-15,0.00011543899443154704,0.0,0.00011514200825800236,0.0,0.0,0.0,0.0,0.0,-2.41140440948584e-15,-2.41140440948584e-15,0.00011651252118905387,4.6201180623945956e-05,0.0,0.0,0.0,-2.41140440948584e-15,0.0,0.00011281583230647207,0.00011290930226377282,1.3100631690576846e-16,-2.41140440948584e-15,0.0,0.0,0.0,0.0,0.0,0.0,0.0,0.0,0.0,0.00011297042010269598,-2.41140440948584e-15,0.0,-2.41140440948584e-15,0.0,0.0,1.9172336732853344e-05,0.0,0.0,0.0,-2.41140440948584e-15
41,-4.04121180963557e-16,9.762982413515698e-05,0.0,0.0,4.36505083123051e-05,0.0,0.00011446117031803649,0.0,0.0,9.103828801926283e-17,0.0,9.103828801926283e-17,9.730738938630079e-05,9.103828801926283e-17,2.1538326677728036e-16,0.0,0.0001085613047321643,9.103828801926283e-17,0.0,9.103828801926283e-17,9.103828801926283e-17,9.879390669673027e-05,9.851298198832791e-05,1.4432899320127036e-16,9.103828801926283e-17,0.00011258764829257916,0.00011269918105475397,0.0001163443221770799,9.956026947837149e-05,1.9539925233402755e-16,0.0,1.9539925233402755e-16,0.00010843164061921984,9.835369173935682e-05,0.0,1.9539925233402755e-16,0.00011658361199091028,1.9539925233402755e-16,-2.020605904817785e-16,0.00011344639658300793,0.00010623523523086043,-2.020605904817785e-16,3.5486818553795985e-05,5.351274978693255e-16,9.925005571032042e-05,5.351274978693255e-16,9.966524072019478e-05,-2.020605904817785e-16,8.167960914378104e-06,5.351274978693255e-16,-2.020605904817785e-16,1.9317880628477724e-16,-2.020605904817785e-16,0.00010116276144985559
42,-7.349676423018536e-16,0.0003779180069902699,0.0,0.0,4.1496092487085526e-05,0.0,0.00010884442796590398,0.0,0.0,-2.6645352591003756e-17,0.0,-2.6645352591003756e-17,0.0003766880661184535,-2.6645352591003756e-17,2.3980817331903383e-16,0.0,0.000241356987588377,-2.6645352591003756e-17,0.0,-2.6645352591003756e-17,-2.6645352591003756e-17,0.000438068232342963,0.000436843287856048,2.9753977059954197e-16,-2.6645352591003756e-17,0.00016937105893647164,0.0001676228939841362,0.00011417351000237553,0.0003852817793693775,1.4210854715202004e-16,0.0,1.4210854715202004e-16,0.0002438410122218526,0.00038067923193377593,0.0,1.4210854715202004e-16,0.0001108637088544473,1.4210854715202004e-16,-4.241051954068098e-16,0.0001564533899339038,0.0002864067330900832,-4.241051954068098e-16,3.373415746984687e-05,9.570122472268849e-16,0.0004400572232236843,9.570122472268849e-16,0.000441867590905014,-4.241051954068098e-16,7.76364725331602e-06,9.570122472268849e-16,-4.241051954068098e-16,4.618527782440651e-16,-4.241051954068098e-16,0.0003913945665916674
43,-6.727951529228448e-16,0.00023190834415948603,0.0,0.0,4.257704946615925e-05,0.0,0.00011166265200538206,0.0,0.0,4.884981308350689e-17,0.0,4.884981308350689e-17,0.00023114852626801908,4.884981308350689e-17,3.1308289294429413e-16,0.0,0.0002475328286151113,4.884981308350689e-17,0.0,4.884981308350689e-17,4.884981308350689e-17,0.0002346515014448558,0.00023398950204716717,1.509903313490213e-16,4.884981308350689e-17,0.0001737327662667476,0.0001719402554322924,0.00011712830313369116,0.00023645743758982763,9.769962616701378e-17,0.0,9.769962616701378e-17,0.000250079040338127,0.00023361413857023728,0.0,9.769962616701378e-17,0.00011373369663488785,9.769962616701378e-17,-3.7969627442180353e-16,0.00016048708639062603,0.00025218693972667517,-3.7969627442180353e-16,3.461353509752296e-05,8.681944052568724e-16,0.0002357264170481721,8.681944052568724e-16,0.00023670480039792441,-3.7969627442180353e-16,7.966504789402862e-06,8.681944052568724e-16,-3.7969627442180353e-16,3.5971225997855074e-16,-3.7969627442180353e-16,0.00024023370394952393
44,0.00010577773053727313,-1.0911271886016039e-14,0.0,0.00010303978265310044,0.0,0.00010727769338611859,0.0,0.0,0.0,0.00010802062726959605,0.0,0.0,-1.0911271886016039e-14,0.0,1.1102230246251566e-17,0.0,0.0,0.0,0.0,1.1102230246251566e-17,0.0,-1.1015632850330803e-14,-1.0911271886016039e-14,0.0,0.0,1.1102230246251566e-17,-4.440892098500626e-18,0.0,-1.0911271886016039e-14,0.0,0.0,0.0,0.0,-1.0911271886016039e-14,0.00010551913461548823,0.0,0.0,0.0,0.0,-4.440892098500626e-18,0.0,0.00010372367397339711,-1.2656542480726783e-16,-1.2656542480726783e-16,-1.0953460360951794e-14,-1.2656542480726783e-16,-1.0953460360951794e-14,-1.2656542480726783e-16,-1.2656542480726783e-16,-1.2656542480726783e-16,0.0001069835135117092,-1.2656542480726783e-16,-1.2656542480726783e-16,-1.0953460360951794e-14
45,1.6653345369377348e-16,-2.842170943040401e-15,7.761866415240348e-05,1.6653345369377348e-16,0.0,0.0,0.0,0.0,0.0,0.0,0.0,0.00011978205349668646,-2.842170943040401e-15,0.00014015619412807156,0.0,0.00013979593668855594,0.0,0.0,0.0,0.0,0.0,-2.842170943040401e-15,-2.842170943040401e-15,0.00011618105532983813,4.6068864840549395e-05,0.0,0.0,0.0,-2.842170943040401e-15,0.0,0.0001369741811144154,0.00013708756437972536,1.6653345369377348e-16,-2.842170943040401e-15,0.0,0.0,0.0,0.0,0.0,0.0,0.0,0.0,0.0,0.0001371617030682648,-2.842170943040401e-15,0.0,-2.842170943040401e-15,0.0,0.0,1.9117287589143218e-05,0.0,0.0,0.0,-2.842170943040401e-15
46,0.0001255295403898682,-1.2938539128981575e-14,0.0,0.00012228269123227165,0.0,0.00010696014627498363,0.0,0.0,0.0,0.00012818932330134204,0.0,0.0,-1.2938539128981575e-14,0.0,6.661338147750939e-18,0.0,0.0,0.0,0.0,6.661338147750939e-18,0.0,-1.3034018309099338e-14,-1.2938539128981575e-14,0.0,0.0,6.661338147750939e-18,-2.220446049250313e-18,0.0,-1.2938539128981575e-14,0.0,0.0,0.0,0.0,-1.2938539128981575e-14,0.00012522287935500475,0.0,0.0,0.0,0.0,-2.220446049250313e-18,0.0,0.00012309369717100393,-1.4210854715202004e-16,-1.4210854715202004e-16,-1.2987388942065082e-14,-1.4210854715202004e-16,-1.2987388942065082e-14,-1.4210854715202004e-16,-1.4210854715202004e-16,-1.4210854715202004e-16,0.0001269594417032205,-1.4210854715202004e-16,-1.4210854715202004e-16,-1.2987388942065082e-14
47,-7.793765632868598e-16,0.0004862969907456738,0.0,0.0,4.132217277909911e-05,0.0,0.00010839095108974739,0.0,0.0,-3.9968028886505634e-17,0.0,-3.9968028886505634e-17,0.000484721021773884,-3.9968028886505634e-17,2.353672812205332e-16,0.0,0.00024036306818995046,-3.9968028886505634e-17,0.0,-3.9968028886505634e-17,-3.9968028886505634e-17,0.0003808030292053299,0.0003797356431604748,2.7755575615628914e-16,-3.9968028886505634e-17,0.00016866916596346203,0.00016692813881613588,0.00011369805459534144,0.00044567411539164325,1.2878587085651815e-16,0.0,1.2878587085651815e-16,0.00024283708142198713,0.0004898350397325424,0.0,1.2878587085651815e-16,0.00011040190149907093,1.2878587085651815e-16,-4.3298697960381104e-16,0.0001558042920192304,0.0002852319220465871,-4.3298697960381104e-16,3.35926721969182e-05,9.281464485866308e-16,0.000382536190705991,9.281464485866308e-16,0.00038411370904616103,-4.3298697960381104e-16,7.731010147351557e-06,9.281464485866308e-16,-4.3298697960381104e-16,4.707345624410664e-16,-4.3298697960381104e-16,0.000389803636814392
48,-1.1102230246251566e-17,-3.442734985981133e-13,-1.1102230246251566e-17,-1.1102230246251566e-17,-1.1102230246251566e-17,-1.1102230246251566e-17,-1.1102230246251566e-17,8.899713263128772e-05,8.260567552827114e-05,-1.1102230246251566e-17,6.864573275735974e-05,1.5765166949677222e-16,-3.44013706410351e-13,1.5765166949677222e-16,8.34098881295664e-05,-1.1102230246251566e-17,1.5765166949677222e-16,8.256902300516123e-05,8.733189333958392e-05,8.406006551007206e-06,8.768247505583693e-05,-3.442734985981133e-13,-3.44013706410351e-13,-1.1102230246251566e-17,-1.1102230246251566e-17,-1.1102230246251566e-17,1.5765166949677222e-16,1.8429702208777598e-16,-3.4439562313082206e-13,9.021960187014511e-05,0.0,1.8429702208777598e-16,1.8429702208777598e-16,-3.444800000806936e-13,0.0,9.151785517730549e-05,-1.1102230246251566e-17,1.8429702208777598e-16,8.408628870065993e-05,1.5765166949677222e-16,-1.1102230246251566e-17,-1.1102230246251566e-17,1.8429702208777598e-16,1.8429702208777598e-16,-3.444800000806936e-13,2.9618883379758378e-05,-3.4439562313082206e-13,8.264695088299412e-05,1.8429702208777598e-16,3.375077994860476e-16,-1.1102230246251566e-17,8.549673439594673e-05,8.619025242886824e-05,-3.444800000806936e-13
49,0.00010309090821030154,-1.0635936575909e-14,0.0,0.00010042223899110692,0.0,0.00010732088367297665,0.0,0.0,0.0,0.00010527705264537612,0.0,0.0,-1.0635936575909e-14,0.0,1.3322676295501878e-17,0.0,0.0,0.0,0.0,1.3322676295501878e-17,0.0,-1.0735856648125264e-14,-1.0635936575909e-14,0.0,0.0,1.3322676295501878e-17,0.0,0.0,-1.0635936575909e-14,0.0,0.0,0.0,0.0,-1.0635936575909e-14,0.0001028388555748827,0.0,0.0,0.0,0.0,0.0,0.0,0.00010108882571467915,-1.2434497875801754e-16,-1.2434497875801754e-16,-1.0682565942943256e-14,-1.2434497875801754e-16,-1.0682565942943256e-14,-1.2434497875801754e-16,-1.2434497875801754e-16,-1.2434497875801754e-16,0.00010426618110458641,-1.2434497875801754e-16,-1.2434497875801754e-16,-1.0682565942943256e-14
50,-1.7763568394002505e-17,-1.0021938834370302e-12,-1.7763568394002505e-17,-1.7763568394002505e-17,-1.7763568394002505e-17,-1.7763568394002505e-17,-1.7763568394002505e-17,0.0001281817049371714,0.0002786281628178378,-1.7763568394002505e-17,6.628690195108921e-05,5.040412531798211e-16,-1.0014034046434972e-12,5.040412531798211e-16,0.000250983260208566,-1.7763568394002505e-17,5.040412531798211e-16,0.0002824050032464154,0.00014955001317434435,8.115623678566219e-06,0.000150148362079503,-1.0021938834370302e-12,-1.0014034046434972e-12,-1.7763568394002505e-17,-1.7763568394002505e-17,-1.7763568394002505e-17,5.040412531798211e-16,6.039613253960852e-16,-1.0025580365891073e-12,0.00010851503915864092,0.0,6.039613253960852e-16,6.039613253960852e-16,-1.0027156882586041e-12,0.0,8.837937412507824e-05,-1.7763568394002505e-17,6.039613253960852e-16,0.00023156147816257632,5.040412531798211e-16,-1.7763568394002505e-17,-1.7763568394002505e-17,6.039613253960852e-16,6.039613253960852e-16,-1.0027156882586041e-12,2.8597616066707855e-05,-1.0025580365891073e-12,0.00027692380172891664,6.039613253960852e-16,9.814371537686384e-16,-1.7763568394002505e-17,0.00019392366242837467,0.00017641775876817256,-1.0027156882586041e-12
51,0.00014470302140681123,-1.490141343651885e-14,0.0,0.00014096282443498698,0.0,0.00010665183026666636,0.0,0.0,0.0,0.00014776694932453483,0.0,0.0,-1.490141343651885e-14,0.0,-2.220446049250313e-18,0.0,0.0,0.0,0.0,-2.220446049250313e-18,0.0,-1.4985790386390362e-14,-1.490141343651885e-14,0.0,0.0,-2.220446049250313e-18,-4.440892098500626e-18,0.0,-1.490141343651885e-14,0.0,0.0,0.0,0.0,-1.490141343651885e-14,0.00014434976426156655,0.0,0.0,0.0,0.0,-4.440892098500626e-18,0.0,0.0001418970600039593,-1.554312234475219e-16,-1.554312234475219e-16,-1.495248369565161e-14,-1.554312234475219e-16,-1.495248369565161e-14,-1.554312234475219e-16,-1.554312234475219e-16,-1.554312234475219e-16,0.00014635019138926398,-1.554312234475219e-16,-1.554312234475219e-16,-1.495248369565161e-14
52,-1.1102230246251565e-16,2.8662917726931525e-05,0.0,0.0,3.5930244052790885e-05,0.0,3.430307950399447e-05,0.0,0.0,2.886579864025407e-17,0.0,2.886579864025407e-17,2.856778052997999e-05,2.886579864025407e-17,6.661338147750939e-17,0.0,3.188834362408244e-05,2.886579864025407e-17,0.0,2.886579864025407e-17,2.886579864025407e-17,2.9006390687571494e-05,2.8923501453406164e-05,4.218847493575595e-17,2.886579864025407e-17,3.3076349881369096e-05,3.310925855605662e-05,3.418478797341917e-05,2.92325123857351e-05,6.217248937900877e-17,0.0,6.217248937900877e-17,3.1850085145805894e-05,2.887650117105789e-05,0.0,6.217248937900877e-17,3.4255392438538036e-05,6.217248937900877e-17,-4.884981308350689e-17,3.332973075908185e-05,3.1202017383418215e-05,-4.884981308350689e-17,3.612616008406011e-05,1.6653345369377348e-16,2.914098132240639e-05,1.6653345369377348e-16,2.9263485187769333e-05,-4.884981308350689e-17,8.315460153554e-06,1.6653345369377348e-16,-4.884981308350689e-17,5.329070518200751e-17,-4.884981308350689e-17,2.9705341410124487e-05
53,-2.220446049250313e-18,-1.2261525128565155e-13,-2.220446049250313e-18,-2.220446049250313e-18,-2.220446049250313e-18,-2.220446049250313e-18,-2.220446049250313e-18,3.158348693023782e-05,2.9307529419877464e-05,-2.220446049250313e-18,3.3038534737654944e-05,6.88338275267597e-17,-1.2252421299763227e-13,6.88338275267597e-17,2.9593904458635746e-05,-2.220446049250313e-18,6.88338275267597e-17,2.929447769005833e-05,3.0990505721326666e-05,8.533678614937035e-06,3.111534567791452e-05,-1.2261525128565155e-13,-1.2252421299763227e-13,-2.220446049250313e-18,-2.220446049250313e-18,-2.220446049250313e-18,6.88338275267597e-17,7.105427357601002e-17,-1.2266410109873503e-13,3.2018800499795666e-05,0.0,7.105427357601002e-17,7.105427357601002e-17,-1.2270406912762155e-13,0.0,3.248110029957951e-05,-2.220446049250313e-18,7.105427357601002e-17,2.9834766434615466e-05,6.88338275267597e-17,-2.220446049250313e-18,-2.220446049250313e-18,7.105427357601002e-17,7.105427357601002e-17,-1.2270406912762155e-13,3.006789508773533e-05,-1.2266410109873503e-13,2.932222731365952e-05,7.105427357601002e-17,1.2878587085651815e-16,-2.220446049250313e-18,3.03370172315498e-05,3.058397461269457e-05,-1.2270406912762155e-13
54,-7.882583474838611e-16,0.0005214445356263097,0.0,0.0,4.122639605041556e-05,0.0,0.00010814124110110735,0.0,0.0,-4.884981308350689e-17,0.0,-4.884981308350689e-17,0.000541636730801942,-4.884981308350689e-17,2.242650509742816e-16,0.0,0.00023981583365936254,-4.884981308350689e-17,0.0,-4.884981308350689e-17,-4.884981308350689e-17,0.0003799467657094002,0.00037888169955016646,2.7755575615628914e-16,-4.884981308350689e-17,0.0001682826880002275,0.00016654559040774953,0.0001134362434247338,0.0004446776728494695,1.2878587085651815e-16,0.0,1.2878587085651815e-16,0.0002422843361615179,0.0004887440774188034,0.0,1.2878587085651815e-16,0.00011014760480769548,1.2878587085651815e-16,-4.3742787170231167e-16,0.00015544687949350155,0.0002845851207160854,-4.3742787170231167e-16,3.3514756317172266e-05,9.259260025373805e-16,0.0003816761612383668,9.259260025373805e-16,0.0003832502528009174,-4.3742787170231167e-16,7.713036414753737e-06,9.259260025373805e-16,-4.3742787170231167e-16,4.640732242933154e-16,-4.3742787170231167e-16,0.00038892782847397054
55,-7.460698725481052e-16,0.000414807957074832,0.0,0.0,4.1536049532326927e-05,0.0,0.00010894856980669942,0.0,0.0,-1.3322676295501878e-17,0.0,-1.3322676295501878e-17,0.000413460106800827,-1.3322676295501878e-17,2.55351295663786e-16,0.0,0.0002415850669815378,-1.3322676295501878e-17,0.0,-1.3322676295501878e-17,-1.3322676295501878e-17,0.00038271508437261127,0.0003816425181127125,2.708944180085382e-16,-1.3322676295501878e-17,0.000169532192708981,0.00016778239075525335,0.00011428269581448047,0.00042287763008725055,1.2878587085651815e-16,0.0,1.2878587085651815e-16,0.00024407138569842334,0.0004178338834485329,0.0,1.2878587085651815e-16,0.00011096976253907042,1.2878587085651815e-16,-4.1966430330830915e-16,0.00015660241477391646,0.00028667625329067194,-4.1966430330830915e-16,3.376666441016196e-05,9.392486788328825e-16,0.000384456655141141,9.392486788328825e-16,0.00038604182534029307,-4.1966430330830915e-16,7.7711469665398e-06,9.392486788328825e-16,-4.1966430330830915e-16,4.729550084903167e-16,-4.1966430330830915e-16,0.0003917593348351467
56,3.9968028886505634e-17,-9.50350909079134e-16,4.596340378682617e-05,3.9968028886505634e-17,0.0,0.0,0.0,0.0,0.0,0.0,0.0,4.503467533431893e-05,-9.50350909079134e-16,4.4687476305063086e-05,0.0,4.457217867971597e-05,0.0,0.0,0.0,0.0,0.0,-9.50350909079134e-16,-9.50350909079134e-16,4.510424687625081e-05,4.67630115813833e-05,0.0,0.0,0.0,-9.50350909079134e-16,0.0,4.3669097790646205e-05,4.3705385211809664e-05,3.9968028886505634e-17,-9.50350909079134e-16,0.0,0.0,0.0,0.0,0.0,0.0,0.0,0.0,0.0,4.3729112715660266e-05,-9.50350909079134e-16,0.0,-9.50350909079134e-16,0.0,0.0,1.9406086309674553e-05,0.0,0.0,0.0,-9.50350909079134e-16
57,7.105427357601002e-17,-1.6142642778049775e-15,7.832841900272669e-05,7.105427357601002e-17,0.0,0.0,0.0,0.0,0.0,0.0,0.0,7.674780258699609e-05,-1.6142642778049775e-15,7.615689949430626e-05,0.0,7.596067277957364e-05,0.0,0.0,0.0,0.0,0.0,-1.6142642778049775e-15,-1.6142642778049775e-15,7.686620740687155e-05,4.649139839325134e-05,0.0,0.0,0.0,-1.6142642778049775e-15,0.0,7.442370619125782e-05,7.44854642848125e-05,7.105427357601002e-17,-1.6142642778049775e-15,0.0,0.0,0.0,0.0,0.0,0.0,0.0,0.0,0.0,7.452584647112737e-05,-1.6142642778049775e-15,0.0,-1.6142642778049775e-15,0.0,0.0,1.929308133723051e-05,0.0,0.0,0.0,-1.6142642778049775e-15
58,-1.5543122344752193e-17,-1.0021916629909811e-12,-1.5543122344752193e-17,-1.5543122344752193e-17,-1.5543122344752193e-17,-1.5543122344752193e-17,-1.5543122344752193e-17,0.00012818170725980237,0.0002786281678665303,-1.5543122344752193e-17,6.62869031521951e-05,5.018208071305707e-16,-1.0014056250895465e-12,5.018208071305707e-16,0.00025098326475634145,-1.5543122344752193e-17,5.018208071305707e-16,0.0002824050083635465,0.0001495500158841634,8.1156238256197e-06,0.00015014836480016004,-1.0021916629909811e-12,-1.0014056250895465e-12,-1.5543122344752193e-17,-1.5543122344752193e-17,-1.5543122344752193e-17,5.018208071305707e-16,6.039613253960852e-16,-1.0025580365891073e-12,0.0001085150411249125,0.0,6.039613253960852e-16,6.039613253960852e-16,-1.0027156882586041e-12,0.0,8.83793757264928e-05,-1.5543122344752193e-17,6.039613253960852e-16,0.0002315614823584311,5.018208071305707e-16,-1.5543122344752193e-17,-1.5543122344752193e-17,6.039613253960852e-16,6.039613253960852e-16,-1.0027156882586041e-12,2.859761658489335e-05,-1.0025580365891073e-12,0.0002769238067467317,6.039613253960852e-16,9.836575998178886e-16,-1.5543122344752193e-17,0.00019392366594224165,0.00017641776196482883,-1.0027156882586041e-12
59,-7.593925488436071e-16,0.0004386038700199513,0.0,0.0,4.14619800476812e-05,0.0,0.00010875545589797308,0.0,0.0,-2.2204460492503132e-17,0.0,-2.2204460492503132e-17,0.0004371800123861158,-2.2204460492503132e-17,2.486899575160351e-16,0.0,0.00024116186480759304,-2.2204460492503132e-17,0.0,-2.2204460492503132e-17,-2.2204460492503132e-17,0.0003820529007099238,0.00038098212847458067,2.708944180085382e-16,-2.2204460492503132e-17,0.0001692333099369625,0.0001674865468756992,0.00011408022348492252,0.0004471285963758631,1.2878587085651815e-16,0.0,1.2878587085651815e-16,0.00024364392187714356,0.0004418004316855617,0.0,1.2878587085651815e-16,0.0001107731015138036,1.2878587085651815e-16,-4.241051954068098e-16,0.0001563260095592356,0.0002861760526787438,-4.241051954068098e-16,3.370640768873168e-05,9.37028232783632e-16,0.0003837915591604224,9.37028232783632e-16,0.000385374079349099,-4.241051954068098e-16,7.757246849624533e-06,9.37028232783632e-16,-4.241051954068098e-16,4.773959005888173e-16,-4.241051954068098e-16,0.00039108203667205245
60,-4.1744385725905884e-16,0.00010068458300403149,0.0,0.0,4.362055151052591e-05,0.0,0.00011438308074937842,0.0,0.0,8.881784197001253e-17,0.0,8.881784197001253e-17,0.0001003521300050969,8.881784197001253e-17,2.1760371282653068e-16,0.0,0.0001119557109362046,8.881784197001253e-17,0.0,8.881784197001253e-17,8.881784197001253e-17,0.00010188483429607987,0.00010159518107746512,1.3988810110276973e-16,8.881784197001253e-17,0.00011610715482471612,0.00011622215295608473,0.00011998054999898589,0.00010267500847914279,1.9317880628477724e-16,0.0,1.9317880628477724e-16,0.00011182201809541326,0.00010143094162726518,0.0,1.9317880628477724e-16,0.0001165040884903057,1.9317880628477724e-16,-2.19824158875781e-16,0.00011699258477371188,0.00010955736926855808,-2.19824158875781e-16,3.546244771177376e-05,5.46229728115577e-16,0.0001023551561519831,5.46229728115577e-16,0.00010278324122199534,-2.19824158875781e-16,8.162338621895415e-06,5.46229728115577e-16,-2.19824158875781e-16,1.9761969838327787e-16,-2.19824158875781e-16,0.00010432729083894587
61,-1.4210854715202004e-16,3.538845443485483e-05,0.0,0.0,4.4356409903796304e-05,0.0,4.2348472107116565e-05,0.0,0.0,3.3306690738754695e-17,0.0,3.3306690738754695e-17,3.527105416812226e-05,3.3306690738754695e-17,7.993605777301127e-17,0.0,3.936866312720832e-05,3.3306690738754695e-17,0.0,3.3306690738754695e-17,3.3306690738754695e-17,3.581230352873277e-05,3.5710017364649624e-05,5.329070518200751e-17,3.3306690738754695e-17,4.083467511130312e-05,4.087528475516189e-05,4.220249914036023e-05,3.6091340044004385e-05,7.549516567451065e-17,0.0,7.549516567451065e-17,3.9321451770075734e-05,3.5652018577014835e-05,0.0,7.549516567451065e-17,4.2289625777693906e-05,7.549516567451065e-17,-6.217248937900877e-17,4.1147349725592084e-05,3.852172946447574e-05,-6.217248937900877e-17,3.606109810844416e-05,2.042810365310288e-16,3.597838975425427e-05,2.042810365310288e-16,3.612956078118623e-05,-6.217248937900877e-17,8.300449982994173e-06,2.042810365310288e-16,-6.217248937900877e-17,6.439293542825907e-17,-6.217248937900877e-17,3.6674815892761e-05
62,0.0,0.0,0.0,0.0,0.0,0.0,0.0,0.0,0.0,0.0,0.0,0.0,0.0,0.0,0.0,0.0,0.0,0.0,0.0,0.0,0.0,0.0,0.0,0.0,0.0,0.0,0.0,0.0,0.0,0.0,0.0,0.0,0.0,0.0,0.0,0.0,0.0,0.0,0.0,0.0,0.0,0.0,0.0,0.0,0.0,0.0,0.0,0.0,0.0,0.0,0.0,0.0,0.0,0.0
63,-7.30526750203353e-16,0.00037706768553601,0.0,0.0,4.139986281540109e-05,0.0,0.00010859355714339047,0.0,0.0,-3.552713678800501e-17,0.0,-3.552713678800501e-17,0.00037584041984498826,-3.552713678800501e-17,2.2870594307278225e-16,0.0,0.00024080729366628972,-3.552713678800501e-17,0.0,-3.552713678800501e-17,-3.552713678800501e-17,0.0004970208752793526,0.0005158055375439718,2.9309887850104134e-16,-3.552713678800501e-17,0.00016898281185181218,0.0001672385936611076,0.00011391048339442822,0.00038441545352062566,1.1990408665951691e-16,0.0,1.1990408665951691e-16,0.00024328578437878167,0.00037982290680147466,0.0,1.1990408665951691e-16,0.00011060823061494807,1.1990408665951691e-16,-4.3742787170231167e-16,0.00015609433593666733,0.00028575705815398367,-4.3742787170231167e-16,3.365587238501222e-05,9.481304630298836e-16,0.00046722959685145947,9.481304630298836e-16,0.0004466399623795403,-4.3742787170231167e-16,7.745587787189035e-06,9.481304630298836e-16,-4.3742787170231167e-16,4.485301019485632e-16,-4.3742787170231167e-16,0.0003905149710516409
64,-1.5543122344752193e-17,-9.986744764489686e-13,-1.5543122344752193e-17,-1.5543122344752193e-17,-1.5543122344752193e-17,-1.5543122344752193e-17,-1.5543122344752193e-17,0.0001282015144844717,0.0002768291047568949,-1.5543122344752193e-17,6.629720527043804e-05,5.018208071305707e-16,-9.97888438547534e-13,5.018208071305707e-16,0.00025102161092412925,-1.5543122344752193e-17,5.018208071305707e-16,0.00027670752767338324,0.0001495730793112826,8.116892016534205e-06,0.00015017151922157578,-9.986744764489686e-13,-9.97888438547534e-13,-1.5543122344752193e-17,-1.5543122344752193e-17,-1.5543122344752193e-17,5.018208071305707e-16,5.995204332975846e-16,-9.990408500470948e-13,0.00010853184001955673,0.0,5.995204332975846e-16,5.995204332975846e-16,-9.991985017165916e-13,0.0,8.839308313333128e-05,-1.5543122344752193e-17,5.995204332975846e-16,0.00023159692434175704,5.018208071305707e-16,-1.5543122344752193e-17,-1.5543122344752193e-17,5.995204332975846e-16,5.995204332975846e-16,-9.991985017165916e-13,2.8602076830435143e-05,-9.990408500470948e-13,0.00027696601576024274,5.995204332975846e-16,9.769962616701378e-16,-1.5543122344752193e-17,0.00019395345023836885,0.00017644490138295942,-9.991985017165916e-13
65,-7.30526750203353e-16,0.0003770677089165009,0.0,0.0,4.1399865382449884e-05,0.0,0.00010859356387686647,0.0,0.0,-3.7747582837255325e-17,0.0,-3.7747582837255325e-17,0.0003758404431493867,-3.7747582837255325e-17,2.2648549702353194e-16,0.0,0.00024080730859786127,-3.7747582837255325e-17,0.0,-3.7747582837255325e-17,-3.7747582837255325e-17,0.0004970209060976872,0.0005158055695270591,2.9087843245179103e-16,-3.7747582837255325e-17,0.00016898282232980178,0.00016723860403095037,0.00011391049045758717,0.0003844154773567254,1.176836406102666e-16,0.0,1.176836406102666e-16,0.0002432857994640325,0.0003798229303528089,0.0,1.176836406102666e-16,0.00011060823747334192,1.176836406102666e-16,-4.3742787170231167e-16,0.00015609434561548953,0.000285757075872739,-4.3742787170231167e-16,3.3655874471882895e-05,9.459100169806333e-16,0.0004672296258225406,9.459100169806333e-16,0.00044663999007393595,-4.3742787170231167e-16,7.74558826745153e-06,9.459100169806333e-16,-4.3742787170231167e-16,4.39648317751562e-16,-4.3742787170231167e-16,0.00039051499526594925
66,-2.2870594307278225e-16,5.634092375609967e-05,0.0,0.0,4.4118776882215995e-05,0.0,6.740458698799801e-05,0.0,0.0,5.10702591327572e-17,0.0,5.10702591327572e-17,5.615430401904487e-05,5.10702591327572e-17,1.2434497875801754e-16,0.0,6.26678743751441e-05,5.10702591327572e-17,0.0,5.10702591327572e-17,5.10702591327572e-17,5.701467513241409e-05,5.685208077222947e-05,8.659739592076221e-17,5.10702591327572e-17,6.499825117546987e-05,6.50628043774204e-05,6.71725479720342e-05,5.7458232434388635e-05,1.1990408665951691e-16,0.0,1.1990408665951691e-16,6.259282706676084e-05,5.6759885947608166e-05,0.0,1.1990408665951691e-16,6.731104470825367e-05,1.1990408665951691e-16,-1.0658141036401502e-16,6.549527959778923e-05,6.13215862054517e-05,-1.0658141036401502e-16,3.5867774599320775e-05,3.219646771412954e-16,5.7278686256481135e-05,3.219646771412954e-16,5.7518988134197534e-05,-1.0658141036401502e-16,8.255849769207569e-06,3.219646771412954e-16,-1.0658141036401502e-16,1.0436096431476471e-16,-1.0658141036401502e-16,5.838572713943613e-05
67,-7.349676423018536e-16,0.00037778174712736144,0.0,0.0,4.148067128855182e-05,0.0,0.00010880422535519463,0.0,0.0,-2.6645352591003756e-17,0.0,-2.6645352591003756e-17,0.00037655223491354304,-2.6645352591003756e-17,2.375877272697835e-16,0.0,0.00024126889986229914,-2.6645352591003756e-17,0.0,-2.6645352591003756e-17,-2.6645352591003756e-17,0.00044363374320009584,0.00044239349087961345,2.997602166487923e-16,-2.6645352591003756e-17,0.00016930884210865306,0.00016756130960917214,0.00011413135943805886,0.00038514295504334274,1.3988810110276973e-16,0.0,1.3988810110276973e-16,0.00024375203772863951,0.00038054201007120536,0.0,1.3988810110276973e-16,0.00011082276790892021,1.3988810110276973e-16,-4.241051954068098e-16,0.00015639585119097354,0.0002863026243068334,-4.241051954068098e-16,3.3721611947885585e-05,9.570122472268849e-16,0.0004456475898776335,9.570122472268849e-16,0.000447480580986086,-4.241051954068098e-16,7.760753133023712e-06,9.570122472268849e-16,-4.241051954068098e-16,4.618527782440651e-16,-4.241051954068098e-16,0.00039125361600201637
68,-1.5543122344752193e-17,-5.05202546463579e-13,-1.7763568394002505e-17,-1.7763568394002505e-17,-1.7763568394002505e-17,-1.7763568394002505e-17,-1.7763568394002505e-17,0.00013142175082916596,0.00012200530045964663,-1.7763568394002505e-17,6.797216109739823e-05,2.220446049250313e-16,-5.048028661747139e-13,2.220446049250313e-16,0.00012319013684563673,-1.7763568394002505e-17,2.220446049250313e-16,0.00012195130074420746,0.00012896837638453061,8.32308486324429e-06,0.0001294848836654805,-5.05202546463579e-13,-5.048028661747139e-13,-1.7763568394002505e-17,-1.7763568394002505e-17,-1.7763568394002505e-17,2.220446049250313e-16,2.6867397195928787e-16,-5.053757412554206e-13,0.0001112630107035395,0.0,2.6867397195928787e-16,2.6867397195928787e-16,-5.054889840039323e-13,0.0,9.06216597607945e-05,-1.5543122344752193e-17,2.6867397195928787e-16,0.000124186669268056,2.220446049250313e-16,-1.5543122344752193e-17,-1.5543122344752193e-17,2.6867397195928787e-16,2.6867397195928787e-16,-5.054889840039323e-13,2.9327252848527772e-05,-5.053757412554206e-13,0.00012206611092762553,2.6867397195928787e-16,4.907185768843192e-16,-1.5543122344752193e-17,0.00012626466083710542,0.0001272864119309669,-5.054889840039323e-13
69,-2.2204460492503132e-17,-5.962941251880238e-13,-2.4424906541753444e-17,-2.4424906541753444e-17,-2.4424906541753444e-17,-2.4424906541753444e-17,-2.4424906541753444e-17,0.00013069655356150677,0.00014425614137195009,-2.4424906541753444e-17,6.759494257535748e-05,2.575717417130363e-16,-5.958011861650903e-13,2.575717417130363e-16,0.00014565521884106535,-2.4424906541753444e-17,2.575717417130363e-16,0.0001441923774701892,0.00018390994765904223,8.276645793807714e-06,0.00015308817625068195,-5.962941251880238e-13,-5.958011861650903e-13,-2.4424906541753444e-17,-2.4424906541753444e-17,-2.4424906541753444e-17,2.575717417130363e-16,3.086420008457935e-16,-5.965139493468996e-13,0.00011064794152163549,0.0,3.086420008457935e-16,3.086420008457935e-16,-5.966338534335591e-13,0.0,9.011976853415816e-05,-2.2204460492503132e-17,3.086420008457935e-16,0.00014683194338880768,2.575717417130363e-16,-2.2204460492503132e-17,-2.2204460492503132e-17,3.086420008457935e-16,3.086420008457935e-16,-5.966338534335591e-13,2.9163930288254036e-05,-5.965139493468996e-13,0.00014432794753585832,3.086420008457935e-16,5.773159728050814e-16,-2.2204460492503132e-17,0.000149285675594395,0.00015049217883851052,-5.966338534335591e-13
70,-6.7723604502134545e-16,0.0002525610093419961,0.0,0.0,4.2440210463101645e-05,0.0,0.00011130588381444762,0.0,0.0,5.10702591327572e-17,0.0,5.10702591327572e-17,0.00025173438849465765,5.10702591327572e-17,3.1308289294429413e-16,0.0,0.00024675097729110363,5.10702591327572e-17,0.0,5.10702591327572e-17,5.10702591327572e-17,0.0002555453433895449,0.00025482514125337643,1.7541523789077474e-16,5.10702591327572e-17,0.00017318059324398672,0.00017139369669408655,0.0001167542455998194,0.00025751005690918485,1.0880185641326534e-16,0.0,1.0880185641326534e-16,0.00024928931564671686,0.0002544167765542804,0.0,1.0880185641326534e-16,0.00011337037527625826,1.0880185641326534e-16,-3.774758283725532e-16,0.00015997644011366496,0.0002746224784286766,-3.774758283725532e-16,3.4502214419680486e-05,8.815170815523743e-16,0.00025671476513834836,8.815170815523743e-16,0.000257779167457548,-3.774758283725532e-16,7.940825204109103e-06,8.815170815523743e-16,-3.774758283725532e-16,3.8191672047105384e-16,-3.774758283725532e-16,0.0002616183297346941
71,-6.750155989720952e-16,0.0001980097858161578,0.0,0.0,4.2817075762189294e-05,0.0,0.00011228843718142922,0.0,0.0,4.218847493575595e-17,0.0,4.218847493575595e-17,0.0001973598659992848,4.218847493575595e-17,2.7977620220553945e-16,0.0,0.00022004389697913407,4.218847493575595e-17,0.0,4.218847493575595e-17,4.218847493575595e-17,0.0002003561809569421,0.0001997899314008178,1.1324274851176597e-16,4.218847493575595e-17,0.00017470127976419337,0.00017289892200186063,0.00011778441332602752,0.00020190091102890718,1.2212453270876723e-16,0.0,1.2212453270876723e-16,0.000219782539614628,0.0001994688586966986,0.0,1.2212453270876723e-16,0.00011437097589348522,1.2212453270876723e-16,-3.9968028886505636e-16,0.00016138276561072028,0.00021535535307126263,-3.9968028886505636e-16,3.480880076985437e-05,8.126832540256146e-16,0.00020127562363264628,8.126832540256146e-16,0.00020211249633537377,-3.9968028886505636e-16,8.011549301329967e-06,8.126832540256146e-16,-3.9968028886505636e-16,3.086420008457935e-16,-3.9968028886505636e-16,0.0002051309898536813
72,-1.7763568394002505e-17,-8.180411903424556e-13,-1.7763568394002505e-17,-1.7763568394002505e-17,-1.7763568394002505e-17,-1.7763568394002505e-17,-1.7763568394002505e-17,0.00012924174954658473,0.00020929382536575503,-1.7763568394002505e-17,6.683825090539664e-05,3.885780586188048e-16,-8.174017018802715e-13,3.885780586188048e-16,0.00021131659107279877,-1.7763568394002505e-17,3.885780586188048e-16,0.00020920163638185496,0.00015078432396117947,8.183494671210045e-06,0.0001513875427209821,-8.180411903424556e-13,-8.174017018802715e-13,-1.7763568394002505e-17,-1.7763568394002505e-17,-1.7763568394002505e-17,3.885780586188048e-16,4.75175454539567e-16,-8.183542732353999e-13,0.00010941408340363835,0.0,4.75175454539567e-16,4.75175454539567e-16,-8.184941613365027e-13,0.0,8.911296767239784e-05,-1.7763568394002505e-17,4.75175454539567e-16,0.0002130178805472238,3.885780586188048e-16,-1.7763568394002505e-17,-1.7763568394002505e-17,4.75175454539567e-16,4.75175454539567e-16,-8.184941613365027e-13,2.8836319405582956e-05,-8.183542732353999e-13,0.00020939764171738596,4.75175454539567e-16,7.771561172376096e-16,-1.7763568394002505e-17,0.0001955176626289079,0.00017787020955250865,-8.184941613365027e-13
73,-2.6645352591003756e-17,6.514921779501303e-06,0.0,0.0,8.169589350122131e-06,0.0,7.799106968895409e-06,0.0,0.0,4.440892098500626e-18,0.0,4.440892098500626e-18,6.493260374555998e-06,4.440892098500626e-18,1.3322676295501878e-17,0.0,7.249305749017499e-06,4.440892098500626e-18,0.0,4.440892098500626e-18,4.440892098500626e-18,6.593125769609465e-06,6.574253058806434e-06,1.1102230246251566e-17,4.440892098500626e-18,7.519797972312947e-06,7.527290812332499e-06,7.772173658795456e-06,6.64461047995335e-06,1.3322676295501878e-17,0.0,1.3322676295501878e-17,7.240594834576619e-06,6.563551730476291e-06,0.0,1.3322676295501878e-17,7.788249297657757e-06,1.3322676295501878e-17,-1.1102230246251566e-17,7.577489217032163e-06,7.0930389679157994e-06,-1.1102230246251566e-17,8.214196662734708e-06,3.9968028886505634e-17,6.623770158811215e-06,3.9968028886505634e-17,6.6516625616452886e-06,-1.1102230246251566e-17,8.36558400199472e-06,3.9968028886505634e-17,-1.1102230246251566e-17,1.3322676295501878e-17,-1.1102230246251566e-17,6.7522669936592726e-06
74,-1.7763568394002505e-17,-7.010503288995551e-13,-1.7763568394002505e-17,-1.7763568394002505e-17,-1.7763568394002505e-17,-1.7763568394002505e-17,-1.7763568394002505e-17,0.0001299365832076238,0.00017142321605227994,-1.7763568394002505e-17,6.719964550518265e-05,3.1530333899354444e-16,-7.005063196174888e-13,3.1530333899354444e-16,0.00017308321844545339,-1.7763568394002505e-17,3.1530333899354444e-16,0.0001713475603066228,0.00015159338591620443,8.227982147632761e-06,0.00015219979678052553,-7.010503288995551e-13,-7.005063196174888e-13,-1.7763568394002505e-17,-1.7763568394002505e-17,-1.7763568394002505e-17,3.1530333899354444e-16,3.885780586188048e-16,-7.013034597491696e-13,0.00011000338452342051,0.0,3.885780586188048e-16,3.885780586188048e-16,-7.014344660660754e-13,0.0,8.959381940134126e-05,-1.7763568394002505e-17,3.885780586188048e-16,0.000174479399341545,3.1530333899354444e-16,-1.7763568394002505e-17,-1.7763568394002505e-17,3.885780586188048e-16,3.885780586188048e-16,-7.014344660660754e-13,2.8992782749130974e-05,-7.013034597491696e-13,0.00017150841391813331,3.885780586188048e-16,6.572520305780927e-16,-1.7763568394002505e-17,0.0001773907461216062,0.00017882225869042534,-7.014344660660754e-13
75,-7.30526750203353e-16,0.0003792491187202018,0.0,0.0,4.164673683078934e-05,0.0,0.00010923715555268388,0.0,0.0,-8.881784197001253e-18,0.0,-8.881784197001253e-18,0.00037801499019541663,-8.881784197001253e-18,2.597921877622866e-16,0.0,0.00024221750022964894,-8.881784197001253e-18,0.0,-8.881784197001253e-18,-8.881784197001253e-18,0.00038370466440819763,0.0003826294170275713,2.6645352591003756e-16,-8.881784197001253e-18,0.00016997884002755814,0.00016822449671068053,0.0001145852667623326,0.0003866379439118539,1.2434497875801754e-16,0.0,1.2434497875801754e-16,0.0002447101877000746,0.00038201974164975283,0.0,1.2434497875801754e-16,0.00011126364908588649,1.2434497875801754e-16,-4.1078251911130794e-16,0.0001570154713538896,0.0002874237561255466,-4.1078251911130794e-16,3.3856710245296904e-05,9.348077867343818e-16,0.0003854505875576342,9.348077867343818e-16,0.00038703971812728663,-4.1078251911130794e-16,7.791918830433175e-06,9.348077867343818e-16,-4.1078251911130794e-16,4.574118861455645e-16,-4.1078251911130794e-16,0.00039277150309946274
76,-1.7763568394002505e-17,-1.001836391623101e-12,-1.7763568394002505e-17,-1.7763568394002505e-17,-1.7763568394002505e-17,-1.7763568394002505e-17,-1.7763568394002505e-17,0.00012818371785932258,0.00027863247806184875,-1.7763568394002505e-17,6.628794891076595e-05,5.062616992290713e-16,-1.001045912829568e-12,5.062616992290713e-16,0.00025098715716158847,-1.7763568394002505e-17,5.062616992290713e-16,0.00027851011776942826,0.0001495523570100521,8.115752559336719e-06,0.00015015071516256252,-1.001836391623101e-12,-1.001045912829568e-12,-1.7763568394002505e-17,-1.7763568394002505e-17,-1.7763568394002505e-17,5.062616992290713e-16,6.039613253960852e-16,-1.0022005447751781e-12,0.00010851674635737441,0.0,6.039613253960852e-16,6.039613253960852e-16,-1.0023581964446749e-12,0.0,8.838076714940745e-05,-1.7763568394002505e-17,6.039613253960852e-16,0.00023156507997625252,5.062616992290713e-16,-1.7763568394002505e-17,-1.7763568394002505e-17,6.039613253960852e-16,6.039613253960852e-16,-1.0023581964446749e-12,2.859806934220055e-05,-1.0022005447751781e-12,0.00027692809124571396,6.039613253960852e-16,9.792167077193881e-16,-1.7763568394002505e-17,0.00019392668927637803,0.00017642051682889904,-1.0023581964446749e-12
77,7.771561172376095e-17,-1.787459069646502e-15,7.822535281535315e-05,7.771561172376095e-17,0.0,0.0,0.0,0.0,0.0,0.0,0.0,8.511852606081449e-05,-1.787459069646502e-15,8.446339455189466e-05,0.0,8.424583890266346e-05,0.0,0.0,0.0,0.0,0.0,-1.787459069646502e-15,-1.787459069646502e-15,8.524980093153057e-05,4.6430040681877396e-05,0.0,0.0,0.0,-1.787459069646502e-15,0.0,8.254181111936321e-05,8.261028203506494e-05,7.771561172376095e-17,-1.787459069646502e-15,0.0,0.0,0.0,0.0,0.0,0.0,0.0,0.0,0.0,8.265505358016289e-05,-1.787459069646502e-15,0.0,-1.787459069646502e-15,0.0,0.0,1.9267553650015313e-05,0.0,0.0,0.0,-1.787459069646502e-15
78,-6.661338147750939e-18,-2.557687395210451e-13,-6.661338147750939e-18,-6.661338147750939e-18,-6.661338147750939e-18,-6.661338147750939e-18,-6.661338147750939e-18,6.602430038203266e-05,6.127637595237711e-05,-6.661338147750939e-18,6.90597071174448e-05,1.2212453270876723e-16,-2.555711198226618e-13,1.2212453270876723e-16,6.187378914468411e-05,-6.661338147750939e-18,1.2212453270876723e-16,6.124914845165419e-05,6.4787269433626e-05,8.45697166176107e-06,6.504770074967193e-05,-2.557687395210451e-13,-2.555711198226618e-13,-6.661338147750939e-18,-6.661338147750939e-18,-6.661338147750939e-18,1.2212453270876723e-16,1.354472090042691e-16,-2.5586199825511357e-13,6.693241746222434e-05,0.0,1.354472090042691e-16,1.354472090042691e-16,-2.5592861163659107e-13,0.0,6.789683109019507e-05,-6.661338147750939e-18,1.354472090042691e-16,6.237625655028723e-05,1.2212453270876723e-16,-6.661338147750939e-18,-6.661338147750939e-18,1.354472090042691e-16,1.354472090042691e-16,-2.5592861163659107e-13,2.9798122354212087e-05,-2.5586199825511357e-13,6.130703754797962e-05,1.354472090042691e-16,2.5091040356528535e-16,-6.661338147750939e-18,6.342401287204647e-05,6.393919604574805e-05,-2.5592861163659107e-13
79,-7.327471962526033e-16,0.0003774528480294714,0.0,0.0,4.1443449884801534e-05,0.0,0.00010870718932294521,0.0,0.0,-3.1086244689504386e-17,0.0,-3.1086244689504386e-17,0.0003762243705479995,-3.1086244689504386e-17,2.331468351712829e-16,0.0,0.00024105628082518927,-3.1086244689504386e-17,0.0,-3.1086244689504386e-17,-3.1086244689504386e-17,0.00046559122468109893,0.0004642906194115359,2.9753977059954197e-16,-3.1086244689504386e-17,0.00016915866964257287,0.00016741266372765295,0.0001140296216027914,0.00038480786561219117,1.3100631690576846e-16,0.0,1.3100631690576846e-16,0.00024353727821196046,0.0003802107888128314,0.0,1.3100631690576846e-16,0.00011072394974837918,1.3100631690576846e-16,-4.285460875053104e-16,0.000156256970445805,0.00028605133340154466,-4.285460875053104e-16,3.369133145979752e-05,9.547918011776346e-16,0.0004677030679986705,9.547918011776346e-16,0.00044709339086660414,-4.285460875053104e-16,7.753767768226005e-06,9.547918011776346e-16,-4.285460875053104e-16,4.574118861455645e-16,-4.285460875053104e-16,0.0003909133939942233
80,-7.127631818093505e-16,0.0003489352348884567,0.0,0.0,4.183508486087062e-05,0.0,0.00010972820304237851,0.0,0.0,1.5543122344752193e-17,0.0,1.5543122344752193e-17,0.0003477982748258035,1.5543122344752193e-17,2.7977620220553945e-16,0.0,0.0002432935568230543,1.5543122344752193e-17,0.0,1.5543122344752193e-17,1.5543122344752193e-17,0.00035303997650751426,0.00035204938822964716,2.4646951146678477e-16,1.5543122344752193e-17,0.00017073881687164062,0.00016897674700531163,0.00011510010962139106,0.0003557423051876318,1.1990408665951691e-16,0.0,1.1990408665951691e-16,0.00024579707913788826,0.00035148771431913416,0.0,1.1990408665951691e-16,0.0001117637157318363,1.1990408665951691e-16,-3.9968028886505636e-16,0.00015771829753361778,0.0002886955709313788,-3.9968028886505636e-16,3.4009934893024506e-05,9.259260025373805e-16,0.0003546484351904455,9.259260025373805e-16,0.00035611244638024343,-3.9968028886505636e-16,7.827265313045118e-06,9.259260025373805e-16,-3.9968028886505636e-16,4.485301019485632e-16,-3.9968028886505636e-16,0.00036139294278431767
81,1.8207657603852566e-16,-2.9598545836506674e-15,7.756212773294414e-05,1.8207657603852566e-16,0.0,0.0,0.0,0.0,0.0,0.0,0.0,0.0001196951534943258,-2.9598545836506674e-15,0.00014005470843507118,0.0,0.00014816640086087184,0.0,0.0,0.0,0.0,0.0,-2.9598545836506674e-15,-2.9598545836506674e-15,0.00011609673909848572,4.603520812621831e-05,0.0,0.0,0.0,-2.9598545836506674e-15,0.0,0.00014517653098347294,0.00014529666939959053,1.8207657603852566e-16,-2.9598545836506674e-15,0.0,0.0,0.0,0.0,0.0,0.0,0.0,0.0,0.0,0.0001453752251240603,-2.9598545836506674e-15,0.0,-2.9598545836506674e-15,0.0,0.0,1.9103285080896982e-05,0.0,0.0,0.0,-2.9598545836506674e-15
82,-6.52811138479592e-16,0.0001773339832071086,0.0,0.0,4.2966619895501434e-05,0.0,0.00011267832391886445,0.0,0.0,5.329070518200751e-17,0.0,5.329070518200751e-17,0.000176751254613452,5.329070518200751e-17,2.731148640577885e-16,0.0,0.00019709013935808039,5.329070518200751e-17,0.0,5.329070518200751e-17,5.329070518200751e-17,0.0001794377995329066,0.00017893009101882518,1.0880185641326534e-16,5.329070518200751e-17,0.0001753047018284293,0.00017349620895092287,0.00011819319383628457,0.00018082282938452154,1.4210854715202004e-16,0.0,1.4210854715202004e-16,0.00019685580171750373,0.00017864221157506632,0.0,1.4210854715202004e-16,0.00011476802393032948,1.4210854715202004e-16,-4.085620730620576e-16,0.00016194080842027114,0.0001928863087083621,-4.085620730620576e-16,3.4930457503070665e-05,7.660538869913581e-16,0.00018026218673211636,7.660538869913581e-16,0.00018101254042796278,-4.085620730620576e-16,8.039613400114831e-06,7.660538869913581e-16,-4.085620730620576e-16,2.9753977059954197e-16,-4.085620730620576e-16,0.00018371897137757774
83,-7.30526750203353e-16,0.0003770676975840348,0.0,0.0,4.139986413821184e-05,0.0,0.00010859356061317049,0.0,0.0,-3.1086244689504386e-17,0.0,-3.1086244689504386e-17,0.0003758404318538067,-3.1086244689504386e-17,2.331468351712829e-16,0.0,0.00024080730136056828,-3.1086244689504386e-17,0.0,-3.1086244689504386e-17,-3.1086244689504386e-17,0.0004970208911601182,0.0005158055540249396,2.9531932455029166e-16,-3.1086244689504386e-17,0.00016898281725114873,0.00016723859900471982,0.00011391048703409235,0.00038441546580342934,1.2212453270876723e-16,0.0,1.2212453270876723e-16,0.00024328579215225022,0.00037982291893754236,0.0,1.2212453270876723e-16,0.00011060823414909437,1.2212453270876723e-16,-4.3520742565306136e-16,0.00015609434092419105,0.00028575706728450445,-4.3520742565306136e-16,3.365587346038534e-05,9.525713551283843e-16,0.00046722961178033537,9.525713551283843e-16,0.0004466399766505336,-4.3520742565306136e-16,7.745588034671069e-06,9.525713551283843e-16,-4.3520742565306136e-16,4.440892098500626e-16,-4.3520742565306136e-16,0.0003905149835293398
84,-1.5543122344752193e-17,-9.253908750395113e-13,-1.5543122344752193e-17,-1.5543122344752193e-17,-1.5543122344752193e-17,-1.5543122344752193e-17,-1.5543122344752193e-17,0.00012861526240800947,0.000245959757683627,-1.5543122344752193e-17,6.651240285685534e-05,4.596323321948148e-16,-9.246470256130123e-13,4.596323321948148e-16,0.00024833291690896876,-1.5543122344752193e-17,4.596323321948148e-16,0.0002458515992179966,0.00015005484570091544,8.143382765490869e-06,0.00015065518638334607,-9.253908750395113e-13,-9.246470256130123e-13,-1.5543122344752193e-17,-1.5543122344752193e-17,-1.5543122344752193e-17,4.596323321948148e-16,5.52891066263328e-16,-9.257461464073912e-13,0.00010888274738478421,0.0,5.52891066263328e-16,5.52891066263328e-16,-9.258971367387403e-13,0.0,8.867941299695259e-05,-1.5543122344752193e-17,5.52891066263328e-16,0.0002323372663790968,4.596323321948148e-16,-1.5543122344752193e-17,-1.5543122344752193e-17,5.52891066263328e-16,5.52891066263328e-16,-9.258971367387403e-13,2.8695245268395287e-05,-9.257461464073912e-13,0.00024608155765790894,5.52891066263328e-16,8.926193117986258e-16,-1.5543122344752193e-17,0.00019457560859718727,0.00017701181091615004,-9.258971367387403e-13
85,-7.704947790898587e-16,0.00046237788713758386,0.0,0.0,4.139228791552707e-05,0.0,0.00010857375448577012,0.0,0.0,-3.1086244689504386e-17,0.0,-3.1086244689504386e-17,0.00046087816905398426,-3.1086244689504386e-17,2.3980817331903383e-16,0.0,0.0002407636721426587,-3.1086244689504386e-17,0.0,-3.1086244689504386e-17,-3.1086244689504386e-17,0.0003814298484578194,0.00038036076423689116,2.731148640577885e-16,-3.1086244689504386e-17,0.00016895209012418144,0.0001672081863723496,0.00011388971669758386,0.000446403546172649,1.2434497875801754e-16,0.0,1.2434497875801754e-16,0.0002432417194001313,0.00046574475418796445,0.0,1.2434497875801754e-16,0.00011058806260575648,1.2434497875801754e-16,-4.3076653355456073e-16,0.00015606593899241571,0.0002857054116433022,-4.3076653355456073e-16,3.364971201906819e-05,9.325873406851315e-16,0.00038316576668107505,9.325873406851315e-16,0.00038474579345004533,-4.3076653355456073e-16,7.744168205587877e-06,9.325873406851315e-16,-4.3076653355456073e-16,4.75175454539567e-16,-4.3076653355456073e-16,0.0003904447630442487
86,-1.5543122344752193e-17,-9.411493806510408e-13,-1.9984014443252817e-17,-1.9984014443252817e-17,-1.9984014443252817e-17,-1.9984014443252817e-17,-1.9984014443252817e-17,0.00012852516807855264,0.0002520297093634061,-1.9984014443252817e-17,6.64655431162453e-05,4.707345624410664e-16,-9.403922085482463e-13,4.707345624410664e-16,0.00025164819858233047,-1.9984014443252817e-17,4.707345624410664e-16,0.0002519189106408559,0.00014994994030271159,8.137614336702903e-06,0.0001505498670909855,-9.411493806510408e-13,-9.403922085482463e-13,-1.9984014443252817e-17,-1.9984014443252817e-17,-1.9984014443252817e-17,4.707345624410664e-16,5.617728504603292e-16,-9.415113133570684e-13,0.00010880633664863027,0.0,5.617728504603292e-16,5.617728504603292e-16,-9.416600832423682e-13,0.0,8.861706409287518e-05,-1.5543122344752193e-17,5.617728504603292e-16,0.00023217605613253366,4.707345624410664e-16,-1.5543122344752193e-17,-1.5543122344752193e-17,5.617728504603292e-16,5.617728504603292e-16,-9.416600832423682e-13,2.8674957614605034e-05,-9.415113133570684e-13,0.000252154482594924,5.617728504603292e-16,9.08162434143378e-16,-1.5543122344752193e-17,0.00019444013281174399,0.0001768883655665965,-9.416600832423682e-13
87,9.586149793675114e-05,-9.889866703360894e-15,0.0,9.337930402034456e-05,0.0,9.979590056409026e-05,0.0,0.0,0.0,9.789488383410205e-05,0.0,0.0,-9.889866703360894e-15,0.0,8.881784197001253e-18,0.0,0.0,0.0,0.0,8.881784197001253e-18,0.0,-9.989786775577159e-15,-9.889866703360894e-15,0.0,0.0,8.881784197001253e-18,-2.220446049250313e-18,0.0,-9.889866703360894e-15,0.0,0.0,0.0,0.0,-9.889866703360894e-15,9.562705767356183e-05,0.0,0.0,0.0,0.0,-2.220446049250313e-18,0.0,9.399931249072457e-05,-1.1546319456101628e-16,-1.1546319456101628e-16,-9.936496070395151e-15,-1.1546319456101628e-16,-9.936496070395151e-15,-1.1546319456101628e-16,-1.1546319456101628e-16,-1.1546319456101628e-16,9.695464772889073e-05,-1.1546319456101628e-16,-1.1546319456101628e-16,-9.936496070395151e-15
88,2.8199664825478977e-16,-3.8524738954492935e-15,7.715794887667381e-05,2.8199664825478977e-16,0.0,0.0,0.0,0.0,0.0,0.0,0.0,0.00011907390344875423,-3.8524738954492935e-15,0.00013932918387782323,0.0,0.00014739944263616022,0.0,0.0,0.0,0.0,0.0,-3.8524738954492935e-15,-3.8524738954492935e-15,0.0001154939606490779,4.5794596846358004e-05,0.0,0.0,0.0,-3.8524738954492935e-15,0.0,0.0002113807906190801,0.00021155536689545284,2.8199664825478977e-16,-3.8524738954492935e-15,0.0,0.0,0.0,0.0,0.0,0.0,0.0,0.0,0.0,0.00021166951826936175,-3.8524738954492935e-15,0.0,-3.8524738954492935e-15,0.0,0.0,1.90031815899383e-05,0.0,0.0,0.0,-3.8524738954492935e-15
89,-4.440892098500626e-18,-1.0856870957809406e-13,-4.440892098500626e-18,-4.440892098500626e-18,-4.440892098500626e-18,-4.440892098500626e-18,-4.440892098500626e-18,2.7957904238760102e-05,2.59427425809311e-05,-4.440892098500626e-18,2.9246222060459458e-05,6.439293542825907e-17,-1.0848877352032104e-13,6.439293542825907e-17,2.6196302671248617e-05,-4.440892098500626e-18,6.439293542825907e-17,2.593118641404768e-05,2.7432871145927074e-05,8.54174696330423e-06,2.7543406029661987e-05,-1.0856870957809406e-13,-1.0848877352032104e-13,-4.440892098500626e-18,-4.440892098500626e-18,-4.440892098500626e-18,6.439293542825907e-17,6.439293542825907e-17,-1.0861533894512832e-13,2.8343336403013897e-05,0.0,6.439293542825907e-17,6.439293542825907e-17,-1.0864864563586707e-13,0.0,2.875266252081454e-05,-4.440892098500626e-18,6.439293542825907e-17,2.6409564919176455e-05,6.439293542825907e-17,-4.440892098500626e-18,-4.440892098500626e-18,6.439293542825907e-17,6.439293542825907e-17,-1.0864864563586707e-13,3.0096271076525126e-05,-1.0861533894512832e-13,2.5955756282429742e-05,6.439293542825907e-17,1.1324274851176597e-16,-4.440892098500626e-18,2.6854264144995367e-05,2.7072923343147703e-05,-1.0864864563586707e-13
90,1.5543122344752193e-17,-3.907985046680551e-16,1.8871062892602543e-05,1.5543122344752193e-17,0.0,0.0,0.0,0.0,0.0,0.0,0.0,1.848930830674389e-05,-3.907985046680551e-16,1.8346591863647177e-05,0.0,1.8299198681182016e-05,0.0,0.0,0.0,0.0,0.0,-3.907985046680551e-16,-3.907985046680551e-16,1.8517905745634167e-05,1.919974232623911e-05,0.0,0.0,0.0,-3.907985046680551e-16,0.0,1.7927986538646134e-05,1.7942902513410352e-05,1.5543122344752193e-17,-3.907985046680551e-16,0.0,0.0,0.0,0.0,0.0,0.0,0.0,0.0,0.0,1.7952655723658674e-05,-3.907985046680551e-16,0.0,-3.907985046680551e-16,0.0,0.0,1.951453165579098e-05,0.0,0.0,0.0,-3.907985046680551e-16
91,2.842170943040401e-16,-3.921307722976053e-15,7.71290068078767e-05,2.842170943040401e-16,0.0,0.0,0.0,0.0,0.0,0.0,0.0,0.00011902941776869902,-3.921307722976053e-15,0.0001392772315666968,0.0,0.00014734452345549265,0.0,0.0,0.0,0.0,0.0,-3.921307722976053e-15,-3.921307722976053e-15,0.00011545079764107236,4.577736730918325e-05,0.0,0.0,0.0,-3.921307722976053e-15,0.0,0.00021632001018075496,0.00021343121197281434,2.842170943040401e-16,-3.921307722976053e-15,0.0,0.0,0.0,0.0,0.0,0.0,0.0,0.0,0.0,0.0002115911335840126,-3.921307722976053e-15,0.0,-3.921307722976053e-15,0.0,0.0,1.8996013420389256e-05,0.0,0.0,0.0,-3.921307722976053e-15
92,-3.3306690738754696e-16,8.102435157759657e-05,0.0,0.0,4.3838646723095564e-05,0.0,9.690698485959715e-05,0.0,0.0,6.88338275267597e-17,0.0,6.88338275267597e-17,8.075644650064718e-05,6.88338275267597e-17,1.7319479184152443e-16,0.0,9.010711445310626e-05,6.88338275267597e-17,0.0,6.88338275267597e-17,6.88338275267597e-17,8.199156640483762e-05,8.175815129603192e-05,1.2878587085651815e-16,6.88338275267597e-17,9.345252756158384e-05,9.354519803574713e-05,9.65738772124336e-05,8.262832284544163e-05,1.709743457922741e-16,0.0,1.709743457922741e-16,8.999937897985255e-05,8.162579977522233e-05,0.0,1.709743457922741e-16,9.677269861506632e-05,1.709743457922741e-16,-1.6431300764452317e-16,9.416604536751417e-05,8.817442701114731e-05,-1.6431300764452317e-16,3.563987726186823e-05,4.529709940470639e-16,8.237057210723542e-05,4.529709940470639e-16,8.271554158721272e-05,-1.6431300764452317e-16,8.203272674927042e-06,4.529709940470639e-16,-1.6431300764452317e-16,1.554312234475219e-16,-1.6431300764452317e-16,8.395980362300381e-05
93,2.331468351712829e-16,-3.4638958368304883e-15,7.732989335787588e-05,2.331468351712829e-16,0.0,0.0,0.0,0.0,0.0,0.0,0.0,0.0001193381929231907,-3.4638958368304883e-15,0.00013963783294397735,0.0,0.0001477257180341196,0.0,0.0,0.0,0.0,0.0,-3.4638958368304883e-15,-3.4638958368304883e-15,0.00011575039207900817,4.5896957147029124e-05,0.0,0.0,0.0,-3.4638958368304883e-15,0.0,0.00018321531920197475,0.0001833667539952155,2.331468351712829e-16,-3.4638958368304883e-15,0.0,0.0,0.0,0.0,0.0,0.0,0.0,0.0,0.0,0.0001834657736920131,-3.4638958368304883e-15,0.0,-3.4638958368304883e-15,0.0,0.0,1.904576746581954e-05,0.0,0.0,0.0,-3.4638958368304883e-15
94,0.0001919726949004441,-2.0250467969162856e-14,0.0,0.00019332196177960226,0.0,0.00010583475121087594,0.0,0.0,0.0,0.00014663919631815013,0.0,0.0,-2.0250467969162856e-14,0.0,-2.220446049250313e-18,0.0,0.0,0.0,0.0,-2.220446049250313e-18,0.0,-2.029709733619711e-14,-2.0250467969162856e-14,0.0,0.0,-2.220446049250313e-18,-4.440892098500626e-18,0.0,-2.0250467969162856e-14,0.0,0.0,0.0,0.0,-2.0250467969162856e-14,0.00019795803665490164,0.0,0.0,0.0,0.0,-4.440892098500626e-18,0.0,0.00019460075224673857,-1.6653345369377348e-16,-1.6653345369377348e-16,-2.0308199566443362e-14,-1.6653345369377348e-16,-2.0308199566443362e-14,-1.6653345369377348e-16,-1.6653345369377348e-16,-1.6653345369377348e-16,0.0001672867500879116,-1.6653345369377348e-16,-1.6653345369377348e-16,-2.0308199566443362e-14
95,1.9095836023552692e-16,-3.0619951019161815e-15,7.751496499880828e-05,1.9095836023552692e-16,0.0,0.0,0.0,0.0,0.0,0.0,0.0,0.0001196226608895623,-3.0619951019161815e-15,0.0001399700480395949,0.0,0.00014807690555755702,0.0,0.0,0.0,0.0,0.0,-3.0619951019161815e-15,-3.0619951019161815e-15,0.00011602640193865143,4.600713182191685e-05,0.0,0.0,0.0,-3.0619951019161815e-15,0.0,0.0001529012893303272,0.00015302778728586651,1.9095836023552692e-16,-3.0619951019161815e-15,0.0,0.0,0.0,0.0,0.0,0.0,0.0,0.0,0.0,0.00015311050136508796,-3.0619951019161815e-15,0.0,-3.0619951019161815e-15,0.0,0.0,1.909160429797385e-05,0.0,0.0,0.0,-3.0619951019161815e-15
